-- MySQL dump 10.13  Distrib 5.7.18, for Win64 (x86_64)
--
-- Host: 127.0.0.1    Database: pokedb
-- ------------------------------------------------------
-- Server version	5.7.18-log

/*!40101 SET @OLD_CHARACTER_SET_CLIENT=@@CHARACTER_SET_CLIENT */;
/*!40101 SET @OLD_CHARACTER_SET_RESULTS=@@CHARACTER_SET_RESULTS */;
/*!40101 SET @OLD_COLLATION_CONNECTION=@@COLLATION_CONNECTION */;
/*!40101 SET NAMES utf8 */;
/*!40103 SET @OLD_TIME_ZONE=@@TIME_ZONE */;
/*!40103 SET TIME_ZONE='+00:00' */;
/*!40014 SET @OLD_UNIQUE_CHECKS=@@UNIQUE_CHECKS, UNIQUE_CHECKS=0 */;
/*!40014 SET @OLD_FOREIGN_KEY_CHECKS=@@FOREIGN_KEY_CHECKS, FOREIGN_KEY_CHECKS=0 */;
/*!40101 SET @OLD_SQL_MODE=@@SQL_MODE, SQL_MODE='NO_AUTO_VALUE_ON_ZERO' */;
/*!40111 SET @OLD_SQL_NOTES=@@SQL_NOTES, SQL_NOTES=0 */;

--
-- Table structure for table `pokemon_factory_hgss`
--

DROP TABLE IF EXISTS `pokemon_factory_hgss`;
/*!40101 SET @saved_cs_client     = @@character_set_client */;
/*!40101 SET character_set_client = utf8 */;
CREATE TABLE `pokemon_factory_hgss` (
  `id` int(11) NOT NULL AUTO_INCREMENT,
  `pokemon_id` int(11) DEFAULT NULL,
  `nature_id` int(11) DEFAULT NULL,
  `item_id` int(11) DEFAULT NULL,
  `encounter50` varchar(20) COLLATE utf8_unicode_ci DEFAULT NULL,
  `encounter100` varchar(20) COLLATE utf8_unicode_ci DEFAULT NULL,
  PRIMARY KEY (`id`),
  KEY `pokemon_factory_hgss_nature_id` (`nature_id`),
  KEY `pokemon_factory_hgss_item_id` (`item_id`),
  KEY `pokemon_factory_hgss_pokemon_id` (`pokemon_id`),
  CONSTRAINT `pokemon_factory_hgss_item_id` FOREIGN KEY (`item_id`) REFERENCES `items` (`id`),
  CONSTRAINT `pokemon_factory_hgss_nature_id` FOREIGN KEY (`nature_id`) REFERENCES `natures` (`id`),
  CONSTRAINT `pokemon_factory_hgss_pokemon_id` FOREIGN KEY (`pokemon_id`) REFERENCES `pokemon` (`id`)
) ENGINE=InnoDB AUTO_INCREMENT=735 DEFAULT CHARSET=utf8 COLLATE=utf8_unicode_ci;
/*!40101 SET character_set_client = @saved_cs_client */;

--
-- Dumping data for table `pokemon_factory_hgss`
--

LOCK TABLES `pokemon_factory_hgss` WRITE;
/*!40000 ALTER TABLE `pokemon_factory_hgss` DISABLE KEYS */;
INSERT INTO `pokemon_factory_hgss` (`id`, `pokemon_id`, `nature_id`, `item_id`, `encounter50`, `encounter100`) VALUES (1,3,2,273,'null','2'),(2,3,3,191,'null','1'),(3,6,3,191,'null','2'),(4,6,5,190,'null','45'),(5,6,3,181,'null','12'),(6,9,3,220,'null','12'),(7,9,11,230,'null','23'),(8,9,3,230,'null','4'),(9,26,11,242,'null','1'),(10,26,NULL,NULL,'null','23'),(11,26,5,181,'null','34'),(12,26,11,190,'null','4'),(13,31,11,170,NULL,'1'),(14,31,11,303,NULL,'5'),(15,34,3,245,'null','3'),(16,38,5,191,NULL,'23'),(17,38,3,162,NULL,'4'),(18,45,NULL,NULL,NULL,'1'),(19,45,2,258,NULL,'2'),(20,51,16,263,NULL,'1'),(21,51,NULL,NULL,'','5'),(22,55,3,164,'null','1'),(23,55,11,230,'null','23'),(24,55,3,163,'null','34'),(25,59,16,134,'4','1'),(26,59,NULL,180,'null','23'),(27,62,3,164,NULL,'12'),(28,62,11,232,NULL,'2'),(29,65,5,190,'null','12\r5'),(30,65,3,175,'null','2\r3'),(31,68,11,209,'null','12'),(32,68,NULL,NULL,'null','2'),(33,68,11,252,'null','23'),(34,71,3,170,'null','1'),(35,71,NULL,NULL,'null','23'),(36,71,NULL,248,'null','4'),(37,73,NULL,NULL,'null','2'),(38,73,3,252,'null','3'),(39,76,12,207,NULL,'12'),(40,76,11,191,NULL,'2'),(41,78,3,191,NULL,'2'),(42,78,11,190,NULL,'3'),(43,78,16,127,NULL,'45'),(44,80,2,127,'null','1'),(45,80,3,274,'null','3'),(46,87,14,304,NULL,'1'),(47,87,4,163,NULL,'2'),(48,87,4,127,NULL,'45'),(49,87,NULL,NULL,NULL,'4'),(50,89,11,245,'null','3'),(51,89,NULL,194,'null','5'),(52,89,21,253,'null','5'),(53,94,5,170,'null','12'),(54,94,3,247,'null','\r2'),(55,94,3,209,'null','3'),(56,97,21,255,NULL,'1'),(57,97,NULL,NULL,NULL,'2'),(58,101,3,127,NULL,'1'),(59,101,5,262,NULL,'3'),(60,101,NULL,NULL,NULL,'3'),(61,103,3,190,NULL,'1'),(62,103,3,134,NULL,'3'),(63,103,NULL,252,NULL,'3'),(64,105,11,303,'null','12'),(65,105,11,235,'null','35'),(66,110,2,170,'null','1'),(67,110,11,135,'null','2'),(68,110,3,194,'null','4'),(69,112,NULL,162,NULL,'1'),(70,112,11,252,NULL,'2'),(71,112,NULL,NULL,NULL,'4'),(72,115,16,180,NULL,'12'),(73,115,NULL,NULL,NULL,'3'),(74,115,11,243,NULL,'4'),(75,121,5,134,NULL,'1'),(76,121,5,242,NULL,'2'),(77,121,NULL,NULL,NULL,'3'),(78,121,NULL,NULL,NULL,'4'),(79,122,4,126,NULL,'1'),(80,122,3,173,NULL,'34'),(81,122,NULL,NULL,NULL,'4'),(82,124,3,245,'null','3'),(83,124,3,274,'null','5'),(84,127,11,169,'4','12'),(85,127,16,180,'null','2'),(86,127,11,209,'null','4'),(87,128,16,133,'null','1'),(88,128,11,247,'5','23'),(89,128,16,134,'null','3'),(90,130,14,304,'4','1'),(91,130,11,133,'null','3'),(92,130,16,134,'null','24'),(93,131,11,211,'null','12'),(94,131,11,134,'null','34'),(95,134,3,245,'null','4'),(96,134,3,190,'null','1'),(97,134,3,262,'null',''),(98,134,3,211,'null','35'),(99,135,5,252,NULL,'1'),(100,135,5,232,NULL,'3'),(101,135,NULL,NULL,NULL,'4'),(102,135,NULL,NULL,NULL,'5'),(103,136,3,191,NULL,'3'),(104,136,11,191,NULL,'3'),(105,142,16,198,'null','1'),(106,142,16,304,'null','2'),(107,142,11,165,'null','34'),(108,143,11,127,'null','2'),(109,143,11,247,'null','4'),(110,143,11,211,'null','12'),(111,144,21,163,NULL,'5'),(112,144,NULL,NULL,NULL,'5'),(113,144,3,244,NULL,'5'),(114,145,5,207,NULL,'4'),(115,149,11,303,NULL,'2'),(116,149,3,245,NULL,'3'),(117,149,11,197,NULL,'45'),(118,149,11,134,NULL,'12'),(119,154,3,261,NULL,'1'),(120,154,2,246,NULL,'23'),(121,154,3,232,NULL,'4'),(122,157,NULL,168,'null','4'),(123,157,3,191,'null','45'),(124,160,11,198,'null','1'),(125,160,3,244,'null','5'),(126,169,NULL,304,NULL,'2'),(127,169,NULL,NULL,NULL,'4'),(128,169,11,303,NULL,'4'),(129,171,3,245,NULL,'3'),(130,171,NULL,NULL,NULL,'4'),(131,181,14,126,'null','2'),(132,181,3,168,'null','12'),(133,181,23,253,'null','3'),(134,186,3,163,'null','4'),(135,195,11,164,'null','1'),(136,195,3,194,'null','3'),(137,195,14,211,'null','\r2'),(138,196,5,134,'null','1'),(139,197,14,211,'null','1'),(140,197,12,190,'null','4'),(141,199,23,230,'null','2'),(142,205,21,135,'null','12'),(143,205,11,211,'null','23'),(144,205,11,232,'null','45'),(145,205,11,161,'4','1'),(146,208,12,162,'null','1'),(147,208,NULL,168,'5','2'),(148,208,22,255,'null','3'),(149,208,21,194,'null','4'),(150,210,11,303,NULL,'1'),(151,210,NULL,NULL,NULL,'2'),(152,212,12,190,'null','1'),(153,212,16,180,'null','3'),(154,212,11,161,'null','4'),(155,213,12,232,'null','1'),(156,213,NULL,NULL,'null','2\r3'),(157,213,12,232,'null','3\r45'),(158,214,16,207,NULL,'1'),(159,214,11,209,NULL,'2'),(160,214,11,169,NULL,'3'),(161,214,16,180,NULL,'4'),(162,217,21,252,NULL,'1'),(163,217,NULL,NULL,NULL,'2'),(164,217,NULL,NULL,NULL,'4'),(165,227,12,161,'null','1'),(166,227,14,211,'null','2'),(167,227,NULL,NULL,'null','3'),(168,227,11,247,'null','4'),(169,229,16,252,NULL,'1'),(170,229,NULL,252,NULL,'3'),(171,229,5,191,NULL,'4'),(172,230,5,230,NULL,'2'),(173,230,11,134,NULL,'3'),(174,230,5,304,NULL,'12'),(175,232,11,191,'null','23'),(176,233,3,126,'null','1'),(177,233,NULL,NULL,'5','3'),(178,241,NULL,126,'null','1'),(179,241,11,180,'null','23'),(180,241,11,243,'null',''),(181,242,3,166,NULL,'1'),(182,242,4,127,NULL,'2'),(183,242,4,211,NULL,'4'),(184,243,5,134,'null','5'),(185,245,4,252,NULL,'4'),(186,248,16,264,NULL,'2'),(187,248,21,207,NULL,'12'),(188,248,11,191,NULL,'3'),(189,248,11,166,NULL,'4'),(190,254,16,178,'null','1'),(191,257,11,180,'4','1'),(192,257,5,190,'null','3'),(193,260,NULL,NULL,'null','5'),(194,272,11,243,NULL,'1'),(195,272,12,211,NULL,'2'),(196,275,16,133,NULL,'1'),(197,275,4,211,NULL,'2'),(198,275,11,126,NULL,'4'),(199,282,4,127,NULL,'2'),(200,282,NULL,NULL,NULL,'3'),(201,282,5,244,NULL,'4'),(202,282,4,134,NULL,''),(203,286,21,273,NULL,'23'),(204,286,11,249,NULL,'3'),(205,289,12,232,NULL,'1'),(206,289,11,134,NULL,'2'),(207,289,16,247,NULL,'3'),(208,289,11,243,NULL,'4'),(209,295,3,166,'null','12'),(210,295,11,247,'null','2'),(211,295,NULL,247,'null','3'),(212,295,3,191,'null','45'),(213,297,11,133,'null','1\r2'),(214,297,11,255,'null','2'),(215,297,NULL,NULL,'null','4'),(216,306,11,194,'null','2\r3'),(217,306,11,243,'null','3'),(218,308,NULL,NULL,NULL,'3'),(219,308,11,209,NULL,'4'),(220,310,11,168,'null','1'),(221,310,NULL,NULL,'null','2'),(222,310,5,190,'null','4'),(223,310,11,194,'null','5'),(224,321,3,135,NULL,'1'),(225,321,NULL,NULL,NULL,'2'),(226,321,3,194,NULL,'3'),(227,321,11,211,NULL,'34'),(228,330,11,165,'null','12'),(229,330,11,134,'null','5'),(230,334,14,127,NULL,'12'),(231,334,NULL,NULL,NULL,'2'),(232,334,NULL,NULL,NULL,''),(233,334,3,191,NULL,'45'),(234,340,3,230,NULL,'1'),(235,340,11,243,NULL,'4'),(236,340,11,133,NULL,'23'),(237,340,NULL,NULL,NULL,'4'),(238,344,NULL,164,NULL,'2'),(239,346,12,303,'null','1'),(240,346,12,211,'null','2'),(241,346,4,211,'null','4'),(242,348,NULL,NULL,NULL,'3'),(243,348,11,197,NULL,'3'),(244,350,4,242,'null','3'),(245,350,3,230,'null','12'),(246,359,16,166,NULL,'1'),(247,359,11,194,NULL,'2'),(248,362,21,255,NULL,'123'),(249,362,11,134,NULL,'2'),(250,362,NULL,NULL,NULL,'4'),(251,365,11,166,NULL,'2'),(252,365,21,247,NULL,'3'),(253,365,NULL,211,NULL,'4'),(254,373,11,126,'null','1'),(255,373,NULL,NULL,'null','2'),(256,373,NULL,NULL,'5','3'),(257,373,11,134,'null','5'),(258,376,11,190,NULL,'1'),(259,376,3,244,NULL,'2'),(260,376,11,194,NULL,'45'),(261,379,11,303,NULL,'4'),(262,379,11,230,NULL,'5'),(263,389,24,211,'null','12'),(264,389,3,232,'null','3'),(265,389,11,194,'null','4'),(266,392,16,169,'null','12'),(267,392,NULL,NULL,'null','3'),(268,392,16,198,'null','5'),(269,395,11,303,'null','12'),(270,395,11,303,'null','2\r3'),(271,395,21,194,'null','3'),(272,398,NULL,NULL,'null','2'),(273,398,16,198,'null','2'),(274,398,11,243,'null','23'),(275,405,11,243,NULL,'3'),(276,405,NULL,NULL,NULL,'23'),(277,405,NULL,NULL,NULL,''),(278,405,NULL,191,NULL,'3'),(279,407,4,169,'4','1'),(280,407,3,191,'null','3'),(281,409,21,255,'null','2'),(282,409,11,247,'null',''),(283,411,14,211,NULL,'3'),(284,416,3,209,NULL,'12'),(285,416,NULL,NULL,NULL,'3'),(286,416,11,243,NULL,'5'),(287,419,16,135,'null','1'),(288,419,NULL,NULL,'null','2'),(289,423,14,252,'null','1'),(290,423,24,253,'null','2'),(291,423,3,244,'null','3\r45'),(292,423,11,230,'null','5'),(293,424,16,254,'5','5'),(294,424,16,243,'null','1'),(295,426,NULL,258,'null','5'),(296,426,19,232,'null','4'),(297,428,NULL,NULL,NULL,'2'),(298,429,3,173,'null','1'),(299,429,5,252,'null','345'),(300,430,11,163,'null','12'),(301,430,11,209,'null','4\r5'),(302,435,5,168,NULL,'345'),(303,437,12,198,'null','1'),(304,437,4,134,'null','2'),(305,437,11,194,'null',''),(306,445,3,191,'5','2'),(307,445,11,252,'null','5'),(308,445,16,190,'null','12'),(309,448,11,209,'null','23'),(310,448,3,245,'null','4'),(311,448,11,243,'null','5'),(312,450,12,133,'4','1'),(313,450,11,194,'null','4'),(314,450,12,135,'null','23'),(315,452,NULL,NULL,NULL,'1'),(316,452,11,255,NULL,'2'),(317,454,11,242,NULL,'2'),(318,454,3,244,NULL,'3'),(319,454,11,303,NULL,'4'),(320,454,11,258,NULL,'12'),(321,460,3,134,'null','1'),(322,460,21,230,'null','4'),(323,460,NULL,161,'null','4'),(324,461,11,252,'null','3'),(325,462,2,246,'null','1'),(326,462,3,190,'null','4'),(327,462,3,127,'null','35'),(328,463,14,127,NULL,'1'),(329,463,3,245,NULL,'2'),(330,463,NULL,NULL,NULL,''),(331,463,21,134,NULL,'5'),(332,464,11,245,NULL,'12'),(333,465,2,273,'null','2'),(334,465,NULL,NULL,'null','3'),(335,466,16,209,NULL,'1'),(336,466,3,244,NULL,'5'),(337,467,NULL,162,NULL,'3'),(338,467,3,191,NULL,'4'),(339,467,11,168,NULL,'23'),(340,468,11,248,NULL,'1'),(341,468,3,209,NULL,'23'),(342,469,5,169,NULL,'1'),(343,469,3,134,NULL,'4'),(344,470,16,209,NULL,'1'),(345,470,16,190,NULL,'2'),(346,471,4,232,'null','1'),(347,471,4,211,'null','2'),(348,472,11,165,NULL,'12'),(349,472,16,304,NULL,'23'),(350,472,16,252,NULL,'3'),(351,473,11,259,'4','12'),(352,473,11,135,'null','2'),(353,474,3,135,'null','1'),(354,474,5,264,'4','3'),(355,474,3,245,'null','45'),(356,475,14,173,NULL,'1'),(357,475,16,190,NULL,'23'),(358,475,11,209,NULL,'3'),(359,475,11,209,NULL,'4'),(360,476,NULL,NULL,'null','1'),(361,476,11,166,'null','2'),(362,476,11,209,'null','3'),(363,476,3,247,'null','4'),(364,477,21,255,'null','12'),(365,477,11,209,'null','\r34'),(366,478,11,207,'null','2\r3'),(367,478,3,232,'null','345'),(368,485,3,168,NULL,'5'),(369,486,11,190,NULL,'5'),(512,186,4,232,'null','1'),(513,73,5,163,'null','1'),(514,171,3,164,NULL,'1'),(515,411,12,207,NULL,'1'),(516,308,NULL,180,NULL,'1'),(517,389,11,165,'null','12'),(518,136,11,194,NULL,'1'),(519,286,12,252,NULL,'1'),(520,426,NULL,180,'null','1'),(523,370,5,262,'1','null'),(524,449,11,127,'1','null'),(525,353,11,224,'1','null'),(526,347,11,254,'1','null'),(527,425,3,181,'1','null'),(528,177,5,225,'1','null'),(529,93,NULL,133,'null','null'),(530,361,NULL,198,'1','null'),(531,459,NULL,NULL,'12','null'),(532,396,11,221,'1','null'),(533,4,11,209,'1','null'),(534,100,3,181,'1','null'),(535,98,23,128,'1','null'),(536,190,11,228,'1','null'),(537,434,11,217,'1','null'),(538,193,NULL,NULL,'1','null'),(539,202,16,207,'1','null'),(540,329,NULL,NULL,'1','null'),(541,108,11,127,'1','null'),(542,1,NULL,NULL,'1','null'),(543,137,3,133,'12','null'),(544,390,NULL,162,'1','null'),(545,70,23,209,'12','null'),(546,408,14,292,'1','null'),(547,436,NULL,NULL,'1','null'),(548,17,NULL,NULL,'1','null'),(549,88,NULL,258,'1','null'),(550,355,NULL,224,'1','null'),(551,155,NULL,NULL,'1','null'),(552,58,11,226,'1','null'),(553,440,11,135,'1','null'),(554,176,4,127,'1','null'),(555,267,3,199,'1','null'),(556,303,12,190,'1','null'),(557,410,24,207,'1','null'),(559,315,NULL,258,'1','null'),(560,322,25,232,'12','null'),(561,43,NULL,NULL,'1','null'),(562,443,NULL,NULL,'1','null'),(563,25,NULL,NULL,'1','null'),(564,120,NULL,NULL,'1','null'),(565,299,NULL,NULL,'12','null'),(566,96,NULL,NULL,'1','null'),(567,314,NULL,181,'12','null'),(568,211,13,126,'2','null'),(569,22,NULL,NULL,'23','null'),(570,317,NULL,NULL,'2','null'),(571,139,NULL,NULL,'2','null'),(572,354,NULL,NULL,'2','null'),(573,394,23,163,'2','null'),(574,117,2,303,'2','null'),(575,2,14,180,'2','null'),(576,200,4,126,'2','null'),(577,189,16,128,'2','null'),(578,388,22,273,'2','null'),(579,277,NULL,NULL,'2','null'),(580,417,16,219,'12','null'),(581,168,11,199,'2','null'),(582,47,NULL,NULL,'12','null'),(583,42,16,170,'2','null'),(584,357,11,183,'2','null'),(585,455,NULL,NULL,'2','null'),(586,188,NULL,NULL,'2','null'),(587,402,11,254,'12','null'),(588,284,NULL,NULL,'3','null'),(589,126,NULL,NULL,'3','null'),(590,36,NULL,NULL,'3','null'),(591,461,11,166,'4','1'),(592,105,11,235,'2','null'),(593,464,12,252,'null','2'),(594,407,NULL,NULL,'null','2'),(595,124,4,232,'null','2'),(596,411,NULL,NULL,'null','2'),(597,59,3,191,'null','3'),(598,9,11,247,'null','3'),(599,55,11,209,'null','3'),(600,186,NULL,NULL,'null','3'),(601,254,NULL,NULL,'null','3'),(602,376,NULL,NULL,'null','3'),(603,131,NULL,194,'5','3'),(604,474,NULL,NULL,'null','3'),(605,344,NULL,NULL,'null',''),(606,419,11,304,'null','4'),(607,471,NULL,NULL,'null','4'),(608,59,NULL,NULL,'null','4'),(609,38,NULL,NULL,'null','4'),(610,346,NULL,NULL,'null','34'),(611,196,NULL,NULL,'null','4'),(612,297,NULL,247,'null','4'),(613,195,NULL,NULL,'null','4'),(614,398,11,197,'null','4'),(615,229,NULL,NULL,'null','4'),(616,437,NULL,211,'null','4'),(617,409,NULL,NULL,'null','4'),(618,377,12,211,'null','5'),(619,407,3,191,'null','5'),(620,243,NULL,NULL,'null','5'),(621,80,11,245,'5','5'),(622,418,NULL,NULL,'1',''),(623,239,16,126,'1','null'),(624,252,5,216,'1','null'),(625,420,3,295,'1','null'),(626,387,11,161,'1','null'),(627,223,NULL,NULL,'1','null'),(628,258,NULL,NULL,'1','null'),(629,228,NULL,NULL,'1','null'),(630,304,NULL,NULL,'1','null'),(631,397,11,221,'1','null'),(632,138,NULL,NULL,'1','null'),(633,331,11,130,'1','null'),(634,427,NULL,NULL,'1','null'),(635,209,NULL,NULL,'1','null'),(636,323,NULL,NULL,'2','null'),(637,119,NULL,NULL,'2','null'),(638,324,NULL,NULL,'2','null'),(639,224,3,163,'2','null'),(640,444,11,165,'2','null'),(641,421,2,133,'2','null'),(642,5,17,303,'2','null'),(643,326,4,181,'2','null'),(644,393,NULL,NULL,'2','null'),(645,256,11,178,'2','null'),(646,342,NULL,NULL,'2','null'),(647,356,NULL,NULL,'2','null'),(648,332,NULL,NULL,'2','null'),(649,262,NULL,NULL,'2','null'),(650,226,NULL,NULL,'2','null'),(651,288,NULL,NULL,'2','null'),(652,284,NULL,NULL,'2','null'),(653,337,3,135,'2','null'),(654,30,NULL,NULL,'2','null'),(655,79,NULL,NULL,'2','null'),(656,207,NULL,NULL,'2','null'),(657,279,NULL,NULL,'3','null'),(658,247,NULL,NULL,'3','null'),(659,368,NULL,NULL,'3','null'),(660,324,2,194,'3','null'),(661,432,11,178,'3','null'),(662,203,11,303,'3','null'),(663,85,16,198,'3','null'),(664,455,11,161,'3','null'),(665,185,NULL,247,'3','null'),(666,106,NULL,NULL,'3','null'),(667,326,NULL,NULL,'3','null'),(668,57,NULL,NULL,'3','null'),(669,5,NULL,NULL,'3','null'),(670,336,NULL,NULL,'3','null'),(671,338,NULL,NULL,'3','null'),(672,357,NULL,NULL,'3','null'),(673,391,NULL,NULL,'3','null'),(674,8,NULL,NULL,'3','null'),(675,215,NULL,NULL,'3','null'),(676,404,NULL,NULL,'3','null'),(677,53,NULL,NULL,'3','null'),(678,125,NULL,NULL,'3','null'),(679,291,NULL,NULL,'3','null'),(680,260,11,230,'4','1'),(681,159,NULL,NULL,'4','null'),(682,237,NULL,NULL,'4','null'),(683,20,NULL,NULL,'4','null'),(684,114,NULL,NULL,'4','null'),(685,364,NULL,NULL,'4','null'),(686,148,NULL,NULL,'4','null'),(687,207,NULL,NULL,'4','null'),(688,2,NULL,NULL,'4','null'),(689,372,NULL,207,'4','null'),(690,65,5,244,'5','null'),(691,429,3,134,'5','null'),(692,34,NULL,NULL,'null','1'),(693,232,NULL,NULL,'null','1'),(694,350,NULL,211,'null','2'),(695,460,2,273,'null','2'),(696,89,NULL,258,'null','2'),(697,199,NULL,194,'null','2'),(698,127,11,232,'null','3'),(699,233,3,244,'null','3'),(700,330,NULL,NULL,'null','23'),(701,197,NULL,211,'null','3'),(702,115,NULL,247,'null','3'),(703,143,NULL,NULL,'null','3'),(704,401,NULL,NULL,'1','null'),(705,216,NULL,127,'1','null'),(706,184,NULL,NULL,'1','null'),(707,180,NULL,NULL,'1','null'),(708,109,NULL,NULL,'1','null'),(709,81,2,129,'1','null'),(710,318,NULL,NULL,'1','null'),(711,446,NULL,135,'1','null'),(712,114,2,128,'2','null'),(713,253,NULL,NULL,'2','null'),(714,162,16,178,'2','null'),(715,141,12,231,'2','null'),(716,465,3,169,'null','1'),(717,257,NULL,NULL,'null','2'),(718,419,3,294,'null','3'),(719,6,11,209,'null','3'),(720,160,NULL,191,'null','3'),(721,260,NULL,NULL,'null','3'),(722,269,3,199,'1','null'),(723,433,3,225,'1','null'),(724,72,NULL,NULL,'1','null'),(725,238,NULL,NULL,'1','null'),(726,7,NULL,NULL,'',''),(727,4,NULL,NULL,'',''),(728,431,NULL,NULL,'',''),(729,198,NULL,NULL,'',''),(730,441,4,133,'1',''),(731,415,25,199,'1',''),(732,403,11,198,'1',''),(733,37,4,190,'1',''),(734,451,12,222,'1','');
/*!40000 ALTER TABLE `pokemon_factory_hgss` ENABLE KEYS */;
UNLOCK TABLES;

--
-- Table structure for table `pokemon_factory_hgss_moves`
--

DROP TABLE IF EXISTS `pokemon_factory_hgss_moves`;
/*!40101 SET @saved_cs_client     = @@character_set_client */;
/*!40101 SET character_set_client = utf8 */;
CREATE TABLE `pokemon_factory_hgss_moves` (
  `pokemon_factory_id` int(11) NOT NULL,
  `move_id` int(11) NOT NULL,
  PRIMARY KEY (`pokemon_factory_id`,`move_id`),
  KEY `pokemon_factory_hgss_moves_move_id` (`move_id`),
  CONSTRAINT `pokemon_factory_hgss_moves_move_id` FOREIGN KEY (`move_id`) REFERENCES `moves` (`id`),
  CONSTRAINT `pokemon_factory_hgss_moves_pokemon_factory_id` FOREIGN KEY (`pokemon_factory_id`) REFERENCES `pokemon_factory_hgss` (`id`)
) ENGINE=InnoDB DEFAULT CHARSET=utf8 COLLATE=utf8_unicode_ci;
/*!40101 SET character_set_client = @saved_cs_client */;

--
-- Dumping data for table `pokemon_factory_hgss_moves`
--

LOCK TABLES `pokemon_factory_hgss_moves` WRITE;
/*!40000 ALTER TABLE `pokemon_factory_hgss_moves` DISABLE KEYS */;
INSERT INTO `pokemon_factory_hgss_moves` (`pokemon_factory_id`, `move_id`) VALUES (623,2),(40,7),(50,7),(65,7),(70,7),(108,7),(115,7),(131,7),(151,7),(186,7),(206,7),(210,7),(216,7),(219,7),(266,7),(282,7),(332,7),(339,7),(357,7),(361,7),(365,7),(592,7),(645,7),(50,8),(70,8),(108,8),(115,8),(151,8),(186,8),(206,8),(210,8),(216,8),(219,8),(261,8),(287,8),(309,8),(317,8),(332,8),(357,8),(361,8),(365,8),(366,8),(531,8),(591,8),(599,8),(612,8),(680,8),(9,9),(40,9),(50,9),(70,9),(73,9),(108,9),(115,9),(131,9),(151,9),(186,9),(204,9),(206,9),(210,9),(216,9),(219,9),(261,9),(267,9),(268,9),(282,9),(309,9),(317,9),(332,9),(335,9),(357,9),(361,9),(365,9),(592,9),(612,9),(623,9),(700,9),(582,10),(535,11),(86,12),(350,12),(84,14),(152,14),(194,14),(348,14),(656,14),(731,16),(532,17),(631,17),(650,17),(631,18),(722,18),(166,19),(712,20),(9,21),(686,21),(551,24),(645,24),(692,24),(640,28),(645,28),(46,29),(530,29),(635,29),(42,32),(49,32),(593,32),(330,34),(661,34),(156,35),(545,35),(575,36),(87,37),(236,37),(43,38),(72,38),(109,38),(144,38),(577,39),(568,42),(535,43),(544,43),(546,43),(732,43),(90,44),(104,44),(106,44),(126,44),(223,44),(530,44),(552,44),(556,44),(578,44),(580,44),(585,44),(626,44),(654,44),(732,44),(734,44),(532,45),(569,45),(644,45),(723,45),(165,46),(169,46),(220,46),(552,46),(649,46),(181,47),(183,47),(603,47),(730,47),(540,48),(47,50),(566,50),(723,50),(545,51),(724,51),(560,52),(733,52),(5,53),(17,53),(45,53),(68,53),(116,53),(222,53),(233,53),(302,53),(306,53),(615,53),(669,53),(6,56),(24,56),(76,56),(97,56),(134,56),(226,56),(237,56),(244,56),(22,57),(27,57),(38,57),(44,57),(48,57),(75,57),(95,57),(96,57),(116,57),(129,57),(136,57),(174,57),(185,57),(212,57),(224,57),(234,57),(245,57),(253,57),(271,57),(291,57),(306,57),(329,57),(512,57),(513,57),(514,57),(659,57),(718,57),(8,58),(15,58),(24,58),(47,58),(48,58),(78,58),(83,58),(95,58),(96,58),(97,58),(113,58),(125,58),(129,58),(134,58),(172,58),(212,58),(224,58),(233,58),(245,58),(253,58),(291,58),(297,58),(321,58),(329,58),(346,58),(347,58),(685,58),(699,58),(718,58),(76,59),(82,59),(98,59),(226,59),(237,59),(244,59),(250,59),(271,59),(367,59),(543,60),(643,60),(722,60),(535,61),(568,61),(573,61),(574,61),(644,61),(646,61),(650,61),(574,62),(8,63),(59,63),(80,63),(101,63),(121,63),(181,63),(221,63),(226,63),(264,63),(280,63),(611,63),(351,64),(573,64),(165,65),(167,65),(270,65),(301,65),(569,65),(663,65),(33,68),(135,68),(162,68),(169,68),(175,68),(182,68),(183,68),(324,68),(350,68),(519,68),(539,68),(593,68),(651,68),(682,68),(555,72),(624,72),(712,72),(1,73),(62,73),(195,73),(197,73),(203,73),(263,73),(264,73),(333,73),(542,73),(575,73),(578,73),(584,73),(625,73),(641,73),(695,73),(194,75),(545,75),(575,75),(578,75),(584,75),(585,75),(626,75),(3,76),(36,76),(41,76),(61,76),(119,76),(123,76),(171,76),(192,76),(334,76),(597,76),(660,76),(575,77),(279,78),(582,78),(1,79),(2,79),(34,79),(688,79),(716,79),(640,82),(563,84),(11,85),(58,85),(78,85),(99,85),(102,85),(114,85),(116,85),(129,85),(132,85),(177,85),(184,85),(199,85),(201,85),(222,85),(276,85),(299,85),(325,85),(326,85),(329,85),(336,85),(355,85),(363,85),(596,85),(699,85),(12,86),(58,86),(75,86),(99,86),(118,86),(131,86),(132,86),(150,86),(176,86),(178,86),(184,86),(202,86),(220,86),(247,86),(275,86),(276,86),(293,86),(327,86),(335,86),(354,86),(356,86),(360,86),(514,86),(534,86),(536,86),(576,86),(639,86),(662,86),(678,86),(707,86),(59,87),(76,87),(80,87),(100,87),(130,87),(133,87),(221,87),(13,89),(14,89),(20,89),(31,89),(33,89),(39,89),(40,89),(65,89),(70,89),(74,89),(84,89),(86,89),(88,89),(89,89),(107,89),(109,89),(117,89),(135,89),(144,89),(146,89),(147,89),(149,89),(161,89),(175,89),(180,89),(189,89),(208,89),(211,89),(213,89),(215,89),(227,89),(228,89),(229,89),(232,89),(235,89),(236,89),(241,89),(243,89),(249,89),(252,89),(257,89),(260,89),(262,89),(265,89),(268,89),(271,89),(289,89),(292,89),(305,89),(308,89),(311,89),(312,89),(313,89),(314,89),(319,89),(322,89),(328,89),(330,89),(337,89),(348,89),(349,89),(350,89),(351,89),(352,89),(362,89),(369,89),(517,89),(598,89),(605,89),(613,89),(618,89),(621,89),(658,89),(665,89),(680,89),(687,89),(693,89),(697,89),(717,89),(719,89),(721,89),(226,90),(283,90),(292,90),(143,91),(524,91),(19,92),(67,92),(143,92),(156,92),(166,92),(182,92),(195,92),(240,92),(285,92),(333,92),(537,92),(549,92),(559,92),(568,92),(581,92),(583,92),(601,92),(625,92),(701,92),(712,92),(722,92),(547,93),(653,93),(655,93),(723,93),(725,93),(22,94),(24,94),(27,94),(29,94),(30,94),(44,94),(45,94),(55,94),(61,94),(75,94),(77,94),(79,94),(80,94),(83,94),(134,94),(138,94),(141,94),(199,94),(200,94),(201,94),(202,94),(259,94),(299,94),(310,94),(336,94),(338,94),(367,94),(589,94),(604,94),(611,94),(616,94),(690,94),(699,94),(43,95),(54,95),(56,95),(62,95),(134,95),(245,95),(304,95),(99,97),(552,97),(650,97),(9,98),(153,98),(190,98),(273,98),(287,98),(532,98),(548,98),(579,98),(580,98),(623,98),(631,98),(645,98),(528,101),(79,102),(190,103),(335,103),(541,103),(591,103),(7,104),(19,104),(27,104),(143,104),(157,104),(166,104),(182,104),(195,104),(197,104),(224,104),(240,104),(246,104),(272,104),(283,104),(308,104),(333,104),(342,104),(344,104),(346,104),(347,104),(573,104),(601,104),(624,104),(701,104),(30,105),(76,105),(244,105),(289,105),(290,105),(354,105),(355,105),(610,105),(568,106),(646,106),(715,106),(549,107),(696,107),(5,108),(174,108),(339,108),(533,108),(537,108),(574,108),(642,108),(669,108),(16,109),(22,109),(37,109),(53,109),(55,109),(75,109),(139,109),(202,109),(239,109),(338,109),(339,109),(356,109),(576,109),(583,109),(589,109),(603,109),(643,109),(647,109),(691,109),(694,109),(701,109),(733,109),(571,110),(626,110),(513,112),(566,112),(724,112),(58,113),(114,113),(120,113),(121,113),(132,113),(184,113),(258,113),(325,113),(534,113),(564,113),(623,113),(678,113),(707,113),(111,115),(120,115),(138,115),(325,115),(653,115),(709,115),(587,116),(639,116),(704,117),(711,118),(730,119),(541,122),(570,124),(7,127),(23,127),(28,127),(46,127),(91,127),(92,127),(94,127),(124,127),(173,127),(194,127),(227,127),(269,127),(287,127),(289,127),(292,127),(680,127),(41,129),(58,129),(222,129),(534,129),(543,129),(551,129),(554,129),(567,129),(624,129),(707,129),(713,129),(723,129),(730,129),(733,129),(2,133),(137,133),(225,133),(234,133),(263,133),(182,135),(183,135),(666,136),(54,138),(62,138),(183,138),(304,138),(595,138),(595,142),(340,143),(73,146),(624,148),(539,150),(96,151),(97,151),(549,151),(144,153),(149,153),(198,153),(249,153),(260,153),(296,153),(305,153),(362,153),(728,154),(48,156),(108,156),(199,156),(230,156),(328,156),(331,156),(705,156),(20,157),(39,157),(84,157),(88,157),(105,157),(107,157),(110,157),(124,157),(144,157),(150,157),(168,157),(180,157),(187,157),(236,157),(270,157),(303,157),(322,157),(517,157),(519,157),(592,157),(618,157),(658,157),(673,157),(176,161),(177,161),(326,161),(353,161),(354,161),(355,161),(699,161),(683,162),(162,163),(167,163),(537,163),(640,163),(642,163),(651,163),(677,163),(714,163),(54,164),(157,164),(682,167),(581,169),(544,172),(52,174),(93,174),(110,174),(137,174),(139,174),(140,174),(148,174),(187,174),(227,174),(252,174),(262,174),(312,174),(331,174),(345,174),(352,174),(517,174),(518,174),(697,174),(85,175),(353,176),(577,178),(633,178),(72,179),(153,179),(161,179),(179,179),(191,179),(516,179),(53,180),(293,182),(526,182),(530,182),(535,182),(680,182),(5,184),(87,184),(124,184),(254,184),(368,184),(533,184),(546,184),(642,184),(658,184),(689,184),(196,185),(633,185),(663,185),(675,185),(705,185),(523,186),(553,186),(580,186),(328,187),(2,188),(15,188),(18,188),(34,188),(36,188),(38,188),(53,188),(66,188),(68,188),(127,188),(136,188),(259,188),(279,188),(280,188),(291,188),(302,188),(318,188),(513,188),(610,188),(619,188),(670,188),(716,188),(103,189),(279,189),(540,189),(638,189),(713,189),(639,190),(142,191),(165,191),(31,193),(68,194),(201,194),(299,194),(231,195),(595,195),(603,195),(691,195),(6,196),(185,196),(234,196),(513,196),(527,196),(543,196),(639,196),(725,196),(342,197),(713,197),(64,198),(592,198),(65,200),(71,200),(74,200),(89,200),(91,200),(94,200),(117,200),(173,200),(229,200),(257,200),(703,200),(39,201),(64,201),(146,201),(228,201),(239,201),(308,201),(560,201),(562,201),(565,201),(618,201),(693,201),(1,202),(37,202),(38,202),(197,202),(203,202),(263,202),(321,202),(333,202),(343,202),(610,202),(672,202),(684,202),(695,202),(26,203),(72,203),(85,203),(153,203),(161,203),(179,203),(191,203),(273,203),(666,203),(13,204),(539,204),(553,204),(706,205),(60,207),(67,207),(143,207),(145,207),(148,207),(155,207),(156,207),(158,207),(247,207),(251,207),(284,207),(314,207),(366,207),(512,207),(515,207),(557,207),(670,207),(677,207),(178,208),(580,209),(526,210),(587,210),(165,211),(168,211),(274,211),(301,211),(583,211),(595,212),(691,212),(701,212),(19,213),(37,213),(156,213),(158,213),(224,213),(245,213),(247,213),(523,213),(555,213),(661,213),(705,213),(728,213),(12,216),(110,216),(150,216),(178,216),(207,216),(272,216),(274,216),(328,216),(331,216),(590,216),(620,216),(553,217),(663,218),(550,220),(576,220),(647,220),(560,222),(636,222),(28,223),(204,223),(317,223),(43,224),(158,224),(160,224),(161,224),(540,225),(96,226),(99,226),(138,226),(139,226),(152,226),(344,226),(346,226),(348,226),(518,226),(47,227),(251,227),(87,228),(274,228),(286,228),(537,228),(546,228),(622,228),(542,230),(545,230),(652,230),(731,230),(9,231),(42,231),(64,231),(89,231),(217,231),(216,232),(269,232),(324,232),(526,232),(533,232),(573,232),(36,235),(61,235),(119,235),(197,235),(203,235),(263,235),(334,235),(578,235),(594,235),(641,235),(140,236),(561,236),(31,238),(215,238),(309,238),(319,238),(335,238),(599,238),(126,239),(172,239),(564,239),(59,240),(90,240),(97,240),(100,240),(130,240),(174,240),(195,240),(287,240),(523,240),(574,240),(637,240),(718,240),(3,241),(41,241),(61,241),(119,241),(123,241),(171,241),(192,241),(597,241),(660,241),(14,242),(25,242),(72,242),(74,242),(107,242),(109,242),(146,242),(150,242),(169,242),(189,242),(190,242),(220,242),(229,242),(249,242),(252,242),(257,242),(265,242),(275,242),(312,242),(313,242),(315,242),(606,242),(608,242),(662,242),(664,242),(670,242),(719,242),(6,243),(38,243),(185,243),(241,243),(244,243),(289,243),(539,243),(667,243),(366,244),(25,245),(340,245),(4,246),(114,246),(119,246),(121,246),(125,246),(238,246),(239,246),(341,246),(343,246),(360,246),(368,246),(547,246),(565,246),(653,246),(712,246),(15,247),(29,247),(45,247),(53,247),(54,247),(68,247),(83,247),(95,247),(100,247),(102,247),(103,247),(181,247),(184,247),(201,247),(202,247),(238,247),(259,247),(296,247),(298,247),(299,247),(302,247),(310,247),(318,247),(329,247),(353,247),(355,247),(367,247),(607,247),(619,247),(691,247),(29,248),(528,248),(643,248),(587,249),(225,250),(46,252),(196,252),(213,252),(214,252),(266,252),(293,252),(536,252),(544,252),(591,252),(661,252),(725,252),(35,254),(240,254),(570,254),(35,255),(570,255),(570,256),(711,256),(127,257),(368,257),(609,257),(660,257),(347,258),(351,258),(367,258),(105,259),(209,259),(300,259),(3,261),(25,261),(103,261),(364,261),(525,261),(527,261),(550,261),(572,261),(636,261),(647,261),(671,261),(733,261),(298,262),(88,263),(111,263),(160,263),(179,263),(204,263),(205,263),(210,263),(213,263),(246,263),(258,263),(544,263),(569,263),(7,264),(131,264),(158,264),(288,264),(339,264),(105,269),(246,269),(300,269),(515,269),(646,269),(729,269),(567,270),(625,270),(714,270),(63,271),(295,271),(354,271),(554,273),(567,273),(714,274),(1,275),(18,275),(62,275),(240,275),(531,275),(585,275),(610,275),(664,275),(695,275),(14,276),(40,276),(104,276),(117,276),(175,276),(188,276),(243,276),(278,276),(518,276),(698,276),(720,276),(176,278),(353,278),(543,278),(711,278),(33,279),(85,279),(145,279),(214,279),(12,280),(64,280),(135,280),(269,280),(294,280),(320,280),(356,280),(600,280),(606,280),(618,280),(44,281),(98,281),(100,281),(110,281),(137,281),(141,281),(172,281),(205,281),(290,281),(314,281),(347,281),(524,281),(269,282),(294,282),(316,282),(320,282),(525,282),(587,282),(273,283),(532,283),(631,283),(547,286),(66,288),(525,288),(541,290),(705,290),(137,291),(600,291),(213,292),(548,297),(191,299),(267,299),(311,299),(666,299),(717,299),(633,302),(205,303),(312,303),(209,304),(212,304),(512,304),(13,305),(649,305),(654,305),(734,305),(206,306),(242,306),(4,307),(192,307),(8,308),(125,308),(260,309),(20,310),(619,311),(112,314),(233,314),(284,314),(296,314),(342,314),(520,314),(527,314),(528,314),(554,314),(555,314),(3,315),(16,315),(41,315),(103,315),(123,315),(171,315),(212,315),(338,315),(597,315),(524,317),(541,317),(546,317),(557,317),(560,317),(715,317),(284,318),(296,318),(341,318),(343,318),(538,318),(555,318),(567,318),(652,318),(722,318),(709,319),(715,319),(280,320),(321,320),(345,320),(633,320),(641,320),(556,321),(626,321),(653,322),(6,324),(11,324),(24,324),(45,324),(47,324),(48,324),(77,324),(79,324),(82,324),(95,324),(102,324),(113,324),(129,324),(133,324),(222,324),(238,324),(253,324),(271,324),(276,324),(304,324),(326,324),(336,324),(342,324),(607,324),(616,324),(685,324),(690,324),(364,325),(365,325),(17,326),(209,326),(303,326),(519,327),(20,328),(314,328),(524,328),(562,328),(640,328),(656,328),(112,329),(250,329),(603,329),(695,329),(98,330),(290,330),(577,331),(13,332),(23,332),(105,332),(111,332),(118,332),(122,332),(154,332),(159,332),(164,332),(186,332),(191,332),(198,332),(207,332),(217,332),(230,332),(242,332),(254,332),(261,332),(273,332),(286,332),(300,332),(307,332),(344,332),(348,332),(358,332),(577,332),(583,332),(584,332),(602,332),(669,332),(679,332),(687,332),(700,332),(283,334),(556,334),(557,334),(630,334),(277,336),(649,336),(732,336),(118,337),(188,337),(228,337),(230,337),(254,337),(256,337),(308,337),(689,337),(719,337),(720,337),(121,338),(264,338),(28,339),(159,339),(632,341),(12,344),(279,345),(298,345),(542,345),(554,345),(625,345),(641,345),(17,347),(22,347),(29,347),(44,347),(138,347),(199,347),(190,348),(344,348),(345,348),(359,348),(92,349),(94,349),(118,349),(173,349),(189,349),(230,349),(256,349),(526,350),(66,351),(534,351),(565,351),(678,351),(707,351),(709,351),(113,352),(181,352),(209,352),(321,352),(346,352),(523,352),(166,355),(228,355),(272,355),(340,355),(163,359),(208,359),(262,359),(721,359),(145,360),(148,360),(149,360),(157,360),(248,360),(331,360),(547,360),(141,362),(172,362),(579,365),(663,367),(266,369),(286,369),(350,369),(536,369),(614,369),(677,369),(86,370),(159,370),(266,370),(268,370),(311,370),(359,370),(614,370),(33,371),(52,371),(67,371),(88,371),(139,371),(140,371),(142,371),(148,371),(162,371),(167,371),(187,371),(214,371),(248,371),(281,371),(316,371),(593,371),(56,374),(214,374),(281,374),(316,374),(364,374),(140,376),(82,378),(120,378),(664,378),(684,378),(155,379),(157,379),(34,380),(79,383),(553,383),(247,386),(293,387),(345,387),(39,389),(198,389),(246,389),(301,389),(366,389),(714,389),(142,390),(734,390),(7,392),(98,392),(514,392),(59,393),(276,393),(327,393),(26,394),(42,394),(43,394),(122,394),(268,394),(719,394),(310,396),(14,398),(28,398),(42,398),(50,398),(215,398),(316,398),(317,398),(320,398),(692,398),(696,398),(16,399),(66,399),(127,399),(171,399),(250,399),(302,399),(318,399),(154,400),(159,400),(207,400),(300,400),(301,400),(324,400),(359,400),(591,400),(90,401),(93,401),(135,401),(188,401),(193,401),(235,401),(236,401),(251,401),(254,401),(307,401),(315,401),(332,401),(598,401),(599,401),(606,401),(621,401),(681,401),(720,401),(35,402),(196,402),(198,402),(241,402),(519,402),(664,402),(4,403),(5,403),(126,403),(341,403),(84,404),(85,404),(86,404),(128,404),(152,404),(153,404),(154,404),(168,404),(196,404),(285,404),(286,404),(320,404),(324,404),(358,404),(698,404),(588,405),(174,406),(310,406),(597,406),(686,406),(115,407),(217,407),(307,407),(77,408),(132,408),(133,408),(298,408),(363,408),(57,409),(194,409),(203,409),(218,409),(340,409),(357,409),(369,409),(27,410),(4,411),(8,411),(11,411),(30,411),(55,411),(81,411),(83,411),(123,411),(125,411),(133,411),(136,411),(192,411),(200,411),(318,411),(336,411),(338,411),(589,411),(716,411),(718,411),(17,412),(55,412),(80,412),(82,412),(200,412),(239,412),(323,412),(716,412),(128,413),(168,413),(274,413),(614,413),(15,414),(136,414),(234,414),(237,414),(238,414),(264,414),(291,414),(306,414),(363,414),(660,414),(65,416),(74,416),(89,416),(91,416),(104,416),(107,416),(117,416),(180,416),(208,416),(243,416),(614,416),(617,416),(698,416),(11,417),(16,417),(31,418),(152,418),(258,418),(682,418),(46,419),(93,419),(111,419),(162,419),(187,419),(211,419),(217,419),(227,419),(248,419),(252,419),(281,419),(322,419),(352,419),(593,419),(598,419),(621,419),(93,420),(248,420),(675,420),(23,421),(122,421),(160,421),(188,421),(205,421),(208,421),(261,421),(267,421),(270,421),(294,421),(311,421),(661,421),(720,421),(26,422),(106,422),(147,422),(170,422),(220,422),(223,422),(256,422),(275,422),(277,422),(313,422),(349,422),(732,422),(90,423),(92,423),(106,423),(124,423),(147,423),(223,423),(249,423),(251,423),(275,423),(278,423),(349,423),(351,423),(530,423),(606,423),(25,424),(104,424),(106,424),(147,424),(169,424),(170,424),(223,424),(256,424),(349,424),(518,424),(533,424),(552,424),(642,424),(52,425),(525,425),(549,425),(550,425),(581,425),(647,425),(23,426),(290,426),(512,426),(56,427),(219,427),(358,427),(359,427),(63,428),(87,428),(94,428),(109,428),(126,428),(128,428),(179,428),(180,428),(235,428),(257,428),(258,428),(260,428),(282,428),(305,428),(356,428),(516,428),(598,428),(599,428),(621,428),(662,428),(325,429),(709,429),(259,430),(326,430),(327,430),(363,430),(368,430),(56,433),(141,433),(177,433),(303,433),(304,433),(364,433),(116,434),(233,434),(255,434),(306,434),(514,435),(2,437),(34,437),(120,437),(280,437),(619,437),(128,440),(51,441),(52,441),(175,441),(207,441),(267,441),(319,441),(92,442),(146,442),(154,442),(173,442),(178,442),(262,442),(283,442),(303,442),(305,442),(352,442),(361,442),(362,442),(515,442),(556,442),(557,442),(620,442),(360,443),(32,444),(91,444),(149,444),(155,444),(160,444),(189,444),(204,444),(215,444),(229,444),(235,444),(241,444),(243,444),(265,444),(281,444),(292,444),(307,444),(309,444),(313,444),(319,444),(358,444),(362,444),(369,444),(515,444),(698,444),(584,445),(677,445),(142,446),(19,447),(517,447),(582,447),(643,447),(690,447),(730,448),(145,450),(155,450),(581,450),(582,450),(731,450),(734,450),(30,451),(60,451),(176,451),(200,451),(327,451),(667,451),(690,451),(63,452),(265,452),(322,452),(270,453),(622,453),(710,453),(715,453),(282,457),(67,458),(294,458),(536,458),(662,458),(702,458),(369,462),(113,466),(114,466),(185,466),(284,466),(341,466),(343,466),(520,466),(527,466),(528,466),(540,466),(576,466),(731,466);
/*!40000 ALTER TABLE `pokemon_factory_hgss_moves` ENABLE KEYS */;
UNLOCK TABLES;

--
-- Table structure for table `pokemon_factory_hgss_stats`
--

DROP TABLE IF EXISTS `pokemon_factory_hgss_stats`;
/*!40101 SET @saved_cs_client     = @@character_set_client */;
/*!40101 SET character_set_client = utf8 */;
CREATE TABLE `pokemon_factory_hgss_stats` (
  `pokemon_factory_id` int(11) NOT NULL,
  `stat_id` int(11) NOT NULL,
  `ev` int(11) DEFAULT '0',
  PRIMARY KEY (`pokemon_factory_id`,`stat_id`),
  KEY `pokemon_factory_hgss_stats_id` (`stat_id`),
  CONSTRAINT `pokemon_factory_hgss_stats_id` FOREIGN KEY (`stat_id`) REFERENCES `stats` (`id`),
  CONSTRAINT `pokemon_factory_hgss_stats_pokemon_factory_id` FOREIGN KEY (`pokemon_factory_id`) REFERENCES `pokemon_factory_hgss` (`id`)
) ENGINE=InnoDB DEFAULT CHARSET=utf8 COLLATE=utf8_unicode_ci;
/*!40101 SET character_set_client = @saved_cs_client */;

--
-- Dumping data for table `pokemon_factory_hgss_stats`
--

LOCK TABLES `pokemon_factory_hgss_stats` WRITE;
/*!40000 ALTER TABLE `pokemon_factory_hgss_stats` DISABLE KEYS */;
INSERT INTO `pokemon_factory_hgss_stats` (`pokemon_factory_id`, `stat_id`, `ev`) VALUES (1,1,170),(1,2,0),(1,3,170),(1,4,0),(1,5,170),(1,6,0),(2,1,0),(2,2,0),(2,3,0),(2,4,252),(2,5,252),(2,6,0),(3,1,0),(3,2,0),(3,3,0),(3,4,252),(3,5,0),(3,6,252),(4,1,0),(4,2,0),(4,3,0),(4,4,252),(4,5,0),(4,6,252),(5,1,0),(5,2,0),(5,3,0),(5,4,252),(5,5,0),(5,6,252),(6,1,0),(6,2,0),(6,3,170),(6,4,170),(6,5,170),(6,6,0),(7,1,252),(7,2,252),(7,3,0),(7,4,0),(7,5,0),(7,6,0),(8,1,252),(8,2,0),(8,3,0),(8,4,252),(8,5,0),(8,6,0),(9,1,252),(9,2,252),(9,3,0),(9,4,0),(9,5,0),(9,6,0),(10,1,0),(10,2,0),(10,3,0),(10,4,0),(10,5,0),(10,6,0),(11,1,0),(11,2,0),(11,3,0),(11,4,252),(11,5,0),(11,6,252),(12,1,0),(12,2,252),(12,3,0),(12,4,0),(12,5,0),(12,6,252),(13,1,252),(13,2,252),(13,3,0),(13,4,0),(13,5,0),(13,6,0),(14,1,252),(14,2,252),(14,3,0),(14,4,0),(14,5,0),(14,6,0),(15,1,0),(15,2,0),(15,3,0),(15,4,252),(15,5,0),(15,6,252),(16,1,0),(16,2,0),(16,3,0),(16,4,252),(16,5,0),(16,6,252),(17,1,0),(17,2,0),(17,3,0),(17,4,252),(17,5,0),(17,6,252),(18,1,0),(18,2,0),(18,3,0),(18,4,0),(18,5,0),(18,6,0),(19,1,170),(19,2,0),(19,3,170),(19,4,0),(19,5,170),(19,6,0),(20,1,0),(20,2,252),(20,3,0),(20,4,0),(20,5,0),(20,6,252),(21,1,0),(21,2,0),(21,3,0),(21,4,0),(21,5,0),(21,6,252),(22,1,252),(22,2,0),(22,3,0),(22,4,252),(22,5,0),(22,6,0),(23,1,0),(23,2,252),(23,3,0),(23,4,0),(23,5,0),(23,6,252),(24,1,252),(24,2,0),(24,3,0),(24,4,252),(24,5,0),(24,6,0),(25,1,0),(25,2,252),(25,3,0),(25,4,0),(25,5,0),(25,6,252),(26,1,0),(26,2,0),(26,3,0),(26,4,0),(26,5,0),(26,6,0),(27,1,252),(27,2,0),(27,3,0),(27,4,252),(27,5,0),(27,6,0),(28,1,252),(28,2,252),(28,3,0),(28,4,0),(28,5,0),(28,6,0),(29,1,0),(29,2,0),(29,3,0),(29,4,252),(29,5,0),(29,6,252),(30,1,0),(30,2,0),(30,3,0),(30,4,252),(30,5,0),(30,6,252),(31,1,252),(31,2,252),(31,3,0),(31,4,0),(31,5,0),(31,6,0),(32,1,0),(32,2,0),(32,3,0),(32,4,0),(32,5,0),(32,6,0),(33,1,0),(33,2,0),(33,3,252),(33,4,0),(33,5,252),(33,6,0),(34,1,252),(34,2,0),(34,3,0),(34,4,252),(34,5,0),(34,6,0),(35,1,0),(35,2,0),(35,3,0),(35,4,0),(35,5,0),(35,6,0),(36,1,0),(36,2,0),(36,3,0),(36,4,0),(36,5,0),(36,6,0),(37,1,0),(37,2,0),(37,3,0),(37,4,0),(37,5,0),(37,6,0),(38,1,0),(38,2,0),(38,3,0),(38,4,252),(38,5,252),(38,6,0),(39,1,0),(39,2,252),(39,3,252),(39,4,0),(39,5,0),(39,6,0),(40,1,0),(40,2,252),(40,3,252),(40,4,0),(40,5,0),(40,6,0),(41,1,0),(41,2,0),(41,3,0),(41,4,252),(41,5,0),(41,6,252),(42,1,0),(42,2,252),(42,3,0),(42,4,0),(42,5,0),(42,6,252),(43,1,0),(43,2,252),(43,3,0),(43,4,0),(43,5,0),(43,6,252),(44,1,0),(44,2,0),(44,3,252),(44,4,252),(44,5,0),(44,6,0),(45,1,252),(45,2,0),(45,3,0),(45,4,252),(45,5,0),(45,6,0),(46,1,0),(46,2,252),(46,3,0),(46,4,0),(46,5,252),(46,6,0),(47,1,0),(47,2,0),(47,3,0),(47,4,252),(47,5,252),(47,6,0),(48,1,0),(48,2,0),(48,3,0),(48,4,252),(48,5,252),(48,6,0),(49,1,0),(49,2,0),(49,3,0),(49,4,0),(49,5,0),(49,6,0),(50,1,252),(50,2,252),(50,3,0),(50,4,0),(50,5,0),(50,6,0),(51,1,0),(51,2,0),(51,3,0),(51,4,0),(51,5,0),(51,6,0),(52,1,252),(52,2,252),(52,3,0),(52,4,0),(52,5,0),(52,6,0),(53,1,0),(53,2,0),(53,3,0),(53,4,252),(53,5,0),(53,6,252),(54,1,0),(54,2,0),(54,3,0),(54,4,252),(54,5,0),(54,6,252),(55,1,0),(55,2,0),(55,3,0),(55,4,252),(55,5,0),(55,6,252),(56,1,0),(56,2,252),(56,3,0),(56,4,0),(56,5,252),(56,6,0),(57,1,0),(57,2,0),(57,3,0),(57,4,0),(57,5,0),(57,6,0),(58,1,0),(58,2,0),(58,3,0),(58,4,252),(58,5,0),(58,6,252),(59,1,0),(59,2,0),(59,3,0),(59,4,252),(59,5,0),(59,6,252),(60,1,0),(60,2,0),(60,3,0),(60,4,0),(60,5,0),(60,6,0),(61,1,252),(61,2,0),(61,3,0),(61,4,252),(61,5,0),(61,6,0),(62,1,252),(62,2,0),(62,3,0),(62,4,252),(62,5,0),(62,6,0),(63,1,0),(63,2,0),(63,3,0),(63,4,0),(63,5,0),(63,6,0),(64,1,0),(64,2,252),(64,3,252),(64,4,0),(64,5,0),(64,6,0),(65,1,0),(65,2,252),(65,3,252),(65,4,0),(65,5,0),(65,6,0),(66,1,0),(66,2,0),(66,3,252),(66,4,252),(66,5,0),(66,6,0),(67,1,0),(67,2,252),(67,3,252),(67,4,0),(67,5,0),(67,6,0),(68,1,0),(68,2,0),(68,3,252),(68,4,252),(68,5,0),(68,6,0),(69,1,0),(69,2,0),(69,3,0),(69,4,0),(69,5,0),(69,6,0),(70,1,0),(70,2,252),(70,3,252),(70,4,0),(70,5,0),(70,6,0),(71,1,0),(71,2,0),(71,3,0),(71,4,0),(71,5,0),(71,6,0),(72,1,0),(72,2,252),(72,3,0),(72,4,0),(72,5,0),(72,6,252),(73,1,0),(73,2,0),(73,3,0),(73,4,0),(73,5,0),(73,6,0),(74,1,252),(74,2,252),(74,3,0),(74,4,0),(74,5,0),(74,6,0),(75,1,0),(75,2,0),(75,3,0),(75,4,252),(75,5,0),(75,6,252),(76,1,0),(76,2,0),(76,3,0),(76,4,252),(76,5,0),(76,6,252),(77,1,0),(77,2,0),(77,3,0),(77,4,0),(77,5,0),(77,6,0),(78,1,0),(78,2,0),(78,3,0),(78,4,0),(78,5,0),(78,6,0),(79,1,0),(79,2,0),(79,3,0),(79,4,252),(79,5,252),(79,6,0),(80,1,0),(80,2,0),(80,3,0),(80,4,252),(80,5,252),(80,6,0),(81,1,0),(81,2,0),(81,3,0),(81,4,0),(81,5,0),(81,6,0),(82,1,0),(82,2,0),(82,3,0),(82,4,252),(82,5,0),(82,6,252),(83,1,0),(83,2,0),(83,3,0),(83,4,252),(83,5,0),(83,6,252),(84,1,0),(84,2,252),(84,3,252),(84,4,0),(84,5,0),(84,6,0),(85,1,0),(85,2,252),(85,3,0),(85,4,0),(85,5,0),(85,6,252),(86,1,0),(86,2,252),(86,3,252),(86,4,0),(86,5,0),(86,6,0),(87,1,0),(87,2,252),(87,3,0),(87,4,0),(87,5,0),(87,6,252),(88,1,0),(88,2,252),(88,3,0),(88,4,0),(88,5,0),(88,6,252),(89,1,0),(89,2,252),(89,3,0),(89,4,0),(89,5,0),(89,6,252),(90,1,0),(90,2,252),(90,3,0),(90,4,0),(90,5,252),(90,6,0),(91,1,0),(91,2,252),(91,3,0),(91,4,0),(91,5,252),(91,6,0),(92,1,0),(92,2,252),(92,3,0),(92,4,0),(92,5,0),(92,6,252),(93,1,252),(93,2,252),(93,3,0),(93,4,0),(93,5,0),(93,6,0),(94,1,252),(94,2,252),(94,3,0),(94,4,0),(94,5,0),(94,6,0),(95,1,252),(95,2,0),(95,3,0),(95,4,252),(95,5,0),(95,6,0),(96,1,252),(96,2,0),(96,3,0),(96,4,252),(96,5,0),(96,6,0),(97,1,252),(97,2,0),(97,3,0),(97,4,252),(97,5,0),(97,6,0),(98,1,252),(98,2,0),(98,3,0),(98,4,252),(98,5,0),(98,6,0),(99,1,0),(99,2,0),(99,3,0),(99,4,252),(99,5,0),(99,6,252),(100,1,0),(100,2,0),(100,3,0),(100,4,252),(100,5,0),(100,6,252),(101,1,0),(101,2,0),(101,3,0),(101,4,0),(101,5,0),(101,6,0),(102,1,0),(102,2,0),(102,3,0),(102,4,0),(102,5,0),(102,6,0),(103,1,0),(103,2,0),(103,3,0),(103,4,252),(103,5,252),(103,6,0),(104,1,0),(104,2,252),(104,3,0),(104,4,0),(104,5,252),(104,6,0),(105,1,0),(105,2,252),(105,3,0),(105,4,0),(105,5,0),(105,6,252),(106,1,0),(106,2,252),(106,3,0),(106,4,0),(106,5,0),(106,6,252),(107,1,0),(107,2,252),(107,3,0),(107,4,0),(107,5,0),(107,6,252),(108,1,0),(108,2,252),(108,3,0),(108,4,0),(108,5,252),(108,6,0),(109,1,252),(109,2,252),(109,3,0),(109,4,0),(109,5,0),(109,6,0),(110,1,252),(110,2,252),(110,3,0),(110,4,0),(110,5,0),(110,6,0),(111,1,0),(111,2,252),(111,3,252),(111,4,0),(111,5,0),(111,6,0),(112,1,0),(112,2,0),(112,3,0),(112,4,0),(112,5,0),(112,6,0),(113,1,0),(113,2,0),(113,3,252),(113,4,252),(113,5,0),(113,6,0),(114,1,0),(114,2,0),(114,3,0),(114,4,252),(114,5,0),(114,6,252),(115,1,0),(115,2,252),(115,3,252),(115,4,0),(115,5,0),(115,6,0),(116,1,0),(116,2,0),(116,3,252),(116,4,252),(116,5,0),(116,6,0),(117,1,0),(117,2,252),(117,3,0),(117,4,0),(117,5,252),(117,6,0),(118,1,0),(118,2,252),(118,3,0),(118,4,0),(118,5,252),(118,6,0),(119,1,0),(119,2,0),(119,3,252),(119,4,0),(119,5,252),(119,6,0),(120,1,252),(120,2,0),(120,3,0),(120,4,252),(120,5,0),(120,6,0),(121,1,252),(121,2,0),(121,3,0),(121,4,252),(121,5,0),(121,6,0),(122,1,0),(122,2,0),(122,3,0),(122,4,0),(122,5,0),(122,6,0),(123,1,0),(123,2,0),(123,3,0),(123,4,252),(123,5,0),(123,6,252),(124,1,0),(124,2,252),(124,3,252),(124,4,0),(124,5,0),(124,6,0),(125,1,0),(125,2,0),(125,3,252),(125,4,252),(125,5,0),(125,6,0),(126,1,0),(126,2,252),(126,3,0),(126,4,0),(126,5,0),(126,6,252),(127,1,0),(127,2,0),(127,3,0),(127,4,0),(127,5,0),(127,6,0),(128,1,0),(128,2,252),(128,3,0),(128,4,0),(128,5,0),(128,6,252),(129,1,252),(129,2,0),(129,3,0),(129,4,252),(129,5,0),(129,6,0),(130,1,0),(130,2,0),(130,3,0),(130,4,0),(130,5,0),(130,6,0),(131,1,0),(131,2,252),(131,3,0),(131,4,0),(131,5,252),(131,6,0),(132,1,0),(132,2,0),(132,3,0),(132,4,252),(132,5,252),(132,6,0),(133,1,252),(133,2,0),(133,3,0),(133,4,252),(133,5,0),(133,6,0),(134,1,0),(134,2,0),(134,3,0),(134,4,252),(134,5,252),(134,6,0),(135,1,252),(135,2,252),(135,3,0),(135,4,0),(135,5,0),(135,6,0),(136,1,252),(136,2,0),(136,3,0),(136,4,252),(136,5,0),(136,6,0),(137,1,170),(137,2,0),(137,3,170),(137,4,0),(137,5,170),(137,6,0),(138,1,0),(138,2,0),(138,3,0),(138,4,252),(138,5,0),(138,6,252),(139,1,0),(139,2,0),(139,3,252),(139,4,0),(139,5,252),(139,6,0),(140,1,0),(140,2,0),(140,3,252),(140,4,0),(140,5,252),(140,6,0),(141,1,170),(141,2,0),(141,3,170),(141,4,0),(141,5,170),(141,6,0),(142,1,0),(142,2,252),(142,3,252),(142,4,0),(142,5,0),(142,6,0),(143,1,0),(143,2,252),(143,3,252),(143,4,0),(143,5,0),(143,6,0),(144,1,0),(144,2,252),(144,3,252),(144,4,0),(144,5,0),(144,6,0),(145,1,0),(145,2,252),(145,3,252),(145,4,0),(145,5,0),(145,6,0),(146,1,0),(146,2,252),(146,3,252),(146,4,0),(146,5,0),(146,6,0),(147,1,0),(147,2,0),(147,3,0),(147,4,0),(147,5,0),(147,6,0),(148,1,0),(148,2,252),(148,3,252),(148,4,0),(148,5,0),(148,6,0),(149,1,0),(149,2,252),(149,3,252),(149,4,0),(149,5,0),(149,6,0),(150,1,252),(150,2,252),(150,3,0),(150,4,0),(150,5,0),(150,6,0),(151,1,0),(151,2,0),(151,3,0),(151,4,0),(151,5,0),(151,6,0),(152,1,0),(152,2,252),(152,3,252),(152,4,0),(152,5,0),(152,6,0),(153,1,0),(153,2,252),(153,3,0),(153,4,0),(153,5,0),(153,6,252),(154,1,0),(154,2,252),(154,3,252),(154,4,0),(154,5,0),(154,6,0),(155,1,0),(155,2,0),(155,3,252),(155,4,0),(155,5,252),(155,6,0),(156,1,0),(156,2,0),(156,3,0),(156,4,0),(156,5,0),(156,6,0),(157,1,170),(157,2,0),(157,3,170),(157,4,0),(157,5,170),(157,6,0),(158,1,0),(158,2,252),(158,3,0),(158,4,0),(158,5,0),(158,6,252),(159,1,0),(159,2,252),(159,3,0),(159,4,0),(159,5,252),(159,6,0),(160,1,0),(160,2,252),(160,3,0),(160,4,0),(160,5,0),(160,6,252),(161,1,0),(161,2,252),(161,3,0),(161,4,0),(161,5,0),(161,6,252),(162,1,252),(162,2,252),(162,3,0),(162,4,0),(162,5,0),(162,6,0),(163,1,0),(163,2,0),(163,3,0),(163,4,0),(163,5,0),(163,6,0),(164,1,0),(164,2,0),(164,3,0),(164,4,0),(164,5,0),(164,6,0),(165,1,0),(165,2,252),(165,3,252),(165,4,0),(165,5,0),(165,6,0),(166,1,170),(166,2,0),(166,3,170),(166,4,0),(166,5,170),(166,6,0),(167,1,0),(167,2,0),(167,3,0),(167,4,0),(167,5,0),(167,6,0),(168,1,0),(168,2,252),(168,3,252),(168,4,0),(168,5,0),(168,6,0),(169,1,0),(169,2,252),(169,3,0),(169,4,0),(169,5,0),(169,6,252),(170,1,0),(170,2,0),(170,3,0),(170,4,0),(170,5,0),(170,6,0),(171,1,0),(171,2,0),(171,3,0),(171,4,252),(171,5,0),(171,6,252),(172,1,0),(172,2,0),(172,3,0),(172,4,252),(172,5,0),(172,6,252),(173,1,252),(173,2,252),(173,3,0),(173,4,0),(173,5,0),(173,6,0),(174,1,0),(174,2,0),(174,3,0),(174,4,252),(174,5,0),(174,6,252),(175,1,0),(175,2,252),(175,3,252),(175,4,0),(175,5,0),(175,6,0),(176,1,252),(176,2,0),(176,3,0),(176,4,252),(176,5,0),(176,6,0),(177,1,0),(177,2,0),(177,3,0),(177,4,0),(177,5,0),(177,6,0),(178,1,0),(178,2,0),(178,3,0),(178,4,0),(178,5,0),(178,6,0),(179,1,0),(179,2,252),(179,3,0),(179,4,0),(179,5,0),(179,6,252),(180,1,0),(180,2,252),(180,3,0),(180,4,0),(180,5,0),(180,6,252),(181,1,252),(181,2,0),(181,3,0),(181,4,0),(181,5,252),(181,6,0),(182,1,252),(182,2,0),(182,3,0),(182,4,0),(182,5,252),(182,6,0),(183,1,252),(183,2,0),(183,3,0),(183,4,0),(183,5,252),(183,6,0),(184,1,0),(184,2,0),(184,3,0),(184,4,252),(184,5,0),(184,6,252),(185,1,0),(185,2,0),(185,3,0),(185,4,252),(185,5,252),(185,6,0),(186,1,0),(186,2,252),(186,3,0),(186,4,0),(186,5,0),(186,6,252),(187,1,0),(187,2,252),(187,3,0),(187,4,0),(187,5,252),(187,6,0),(188,1,0),(188,2,252),(188,3,252),(188,4,0),(188,5,0),(188,6,0),(189,1,252),(189,2,252),(189,3,0),(189,4,0),(189,5,0),(189,6,0),(190,1,0),(190,2,252),(190,3,0),(190,4,0),(190,5,0),(190,6,252),(191,1,0),(191,2,252),(191,3,0),(191,4,0),(191,5,0),(191,6,252),(192,1,0),(192,2,0),(192,3,0),(192,4,252),(192,5,0),(192,6,252),(193,1,0),(193,2,0),(193,3,0),(193,4,0),(193,5,0),(193,6,0),(194,1,0),(194,2,252),(194,3,0),(194,4,0),(194,5,252),(194,6,0),(195,1,170),(195,2,0),(195,3,170),(195,4,0),(195,5,170),(195,6,0),(196,1,0),(196,2,252),(196,3,0),(196,4,0),(196,5,0),(196,6,252),(197,1,170),(197,2,0),(197,3,170),(197,4,0),(197,5,170),(197,6,0),(198,1,252),(198,2,252),(198,3,0),(198,4,0),(198,5,0),(198,6,0),(199,1,0),(199,2,0),(199,3,0),(199,4,252),(199,5,252),(199,6,0),(200,1,0),(200,2,0),(200,3,0),(200,4,0),(200,5,0),(200,6,0),(201,1,0),(201,2,0),(201,3,0),(201,4,252),(201,5,0),(201,6,252),(202,1,0),(202,2,0),(202,3,0),(202,4,252),(202,5,252),(202,6,0),(203,1,0),(203,2,252),(203,3,0),(203,4,252),(203,5,0),(203,6,0),(204,1,0),(204,2,252),(204,3,252),(204,4,0),(204,5,0),(204,6,0),(205,1,252),(205,2,0),(205,3,252),(205,4,0),(205,5,0),(205,6,0),(206,1,0),(206,2,252),(206,3,252),(206,4,0),(206,5,0),(206,6,0),(207,1,0),(207,2,252),(207,3,0),(207,4,0),(207,5,0),(207,6,252),(208,1,252),(208,2,252),(208,3,0),(208,4,0),(208,5,0),(208,6,0),(209,1,252),(209,2,0),(209,3,0),(209,4,252),(209,5,0),(209,6,0),(210,1,252),(210,2,252),(210,3,0),(210,4,0),(210,5,0),(210,6,0),(211,1,0),(211,2,0),(211,3,0),(211,4,0),(211,5,0),(211,6,0),(212,1,252),(212,2,0),(212,3,0),(212,4,252),(212,5,0),(212,6,0),(213,1,252),(213,2,252),(213,3,0),(213,4,0),(213,5,0),(213,6,0),(214,1,252),(214,2,252),(214,3,0),(214,4,0),(214,5,0),(214,6,0),(215,1,0),(215,2,0),(215,3,0),(215,4,0),(215,5,0),(215,6,0),(216,1,0),(216,2,252),(216,3,252),(216,4,0),(216,5,0),(216,6,0),(217,1,0),(217,2,252),(217,3,252),(217,4,0),(217,5,0),(217,6,0),(218,1,0),(218,2,0),(218,3,0),(218,4,0),(218,5,0),(218,6,0),(219,1,0),(219,2,252),(219,3,0),(219,4,0),(219,5,0),(219,6,252),(220,1,0),(220,2,252),(220,3,0),(220,4,0),(220,5,0),(220,6,252),(221,1,0),(221,2,0),(221,3,0),(221,4,0),(221,5,0),(221,6,0),(222,1,0),(222,2,0),(222,3,0),(222,4,252),(222,5,0),(222,6,252),(223,1,0),(223,2,252),(223,3,0),(223,4,0),(223,5,0),(223,6,252),(224,1,252),(224,2,0),(224,3,0),(224,4,252),(224,5,0),(224,6,0),(225,1,0),(225,2,0),(225,3,0),(225,4,0),(225,5,0),(225,6,0),(226,1,252),(226,2,0),(226,3,0),(226,4,252),(226,5,0),(226,6,0),(227,1,252),(227,2,252),(227,3,0),(227,4,0),(227,5,0),(227,6,0),(228,1,0),(228,2,252),(228,3,0),(228,4,0),(228,5,0),(228,6,252),(229,1,0),(229,2,252),(229,3,0),(229,4,0),(229,5,0),(229,6,252),(230,1,0),(230,2,252),(230,3,0),(230,4,0),(230,5,252),(230,6,0),(231,1,0),(231,2,0),(231,3,0),(231,4,0),(231,5,0),(231,6,0),(232,1,0),(232,2,0),(232,3,0),(232,4,0),(232,5,0),(232,6,0),(233,1,0),(233,2,0),(233,3,0),(233,4,252),(233,5,0),(233,6,252),(234,1,252),(234,2,0),(234,3,0),(234,4,252),(234,5,0),(234,6,0),(235,1,252),(235,2,252),(235,3,0),(235,4,0),(235,5,0),(235,6,0),(236,1,252),(236,2,252),(236,3,0),(236,4,0),(236,5,0),(236,6,0),(237,1,0),(237,2,0),(237,3,0),(237,4,0),(237,5,0),(237,6,0),(238,1,0),(238,2,0),(238,3,0),(238,4,0),(238,5,0),(238,6,0),(239,1,170),(239,2,0),(239,3,170),(239,4,0),(239,5,170),(239,6,0),(240,1,170),(240,2,0),(240,3,170),(240,4,0),(240,5,170),(240,6,0),(241,1,170),(241,2,0),(241,3,170),(241,4,0),(241,5,170),(241,6,0),(242,1,0),(242,2,0),(242,3,0),(242,4,0),(242,5,0),(242,6,0),(243,1,0),(243,2,252),(243,3,252),(243,4,0),(243,5,0),(243,6,0),(244,1,0),(244,2,0),(244,3,0),(244,4,252),(244,5,252),(244,6,0),(245,1,252),(245,2,0),(245,3,0),(245,4,252),(245,5,0),(245,6,0),(246,1,0),(246,2,252),(246,3,0),(246,4,0),(246,5,0),(246,6,252),(247,1,252),(247,2,252),(247,3,0),(247,4,0),(247,5,0),(247,6,0),(248,1,170),(248,2,0),(248,3,170),(248,4,0),(248,5,170),(248,6,0),(249,1,252),(249,2,252),(249,3,0),(249,4,0),(249,5,0),(249,6,0),(250,1,0),(250,2,0),(250,3,0),(250,4,0),(250,5,0),(250,6,0),(251,1,252),(251,2,252),(251,3,0),(251,4,0),(251,5,0),(251,6,0),(252,1,252),(252,2,252),(252,3,0),(252,4,0),(252,5,0),(252,6,0),(253,1,0),(253,2,0),(253,3,0),(253,4,0),(253,5,0),(253,6,0),(254,1,0),(254,2,252),(254,3,0),(254,4,0),(254,5,0),(254,6,252),(255,1,0),(255,2,0),(255,3,0),(255,4,0),(255,5,0),(255,6,0),(256,1,0),(256,2,0),(256,3,0),(256,4,0),(256,5,0),(256,6,0),(257,1,0),(257,2,252),(257,3,0),(257,4,0),(257,5,0),(257,6,252),(258,1,0),(258,2,252),(258,3,252),(258,4,0),(258,5,0),(258,6,0),(259,1,0),(259,2,0),(259,3,252),(259,4,252),(259,5,0),(259,6,0),(260,1,252),(260,2,252),(260,3,0),(260,4,0),(260,5,0),(260,6,0),(261,1,252),(261,2,252),(261,3,0),(261,4,0),(261,5,0),(261,6,0),(262,1,170),(262,2,0),(262,3,170),(262,4,0),(262,5,170),(262,6,0),(263,1,170),(263,2,0),(263,3,170),(263,4,0),(263,5,170),(263,6,0),(264,1,0),(264,2,0),(264,3,252),(264,4,252),(264,5,0),(264,6,0),(265,1,252),(265,2,252),(265,3,0),(265,4,0),(265,5,0),(265,6,0),(266,1,0),(266,2,252),(266,3,0),(266,4,0),(266,5,0),(266,6,252),(267,1,0),(267,2,0),(267,3,0),(267,4,0),(267,5,0),(267,6,0),(268,1,0),(268,2,252),(268,3,0),(268,4,0),(268,5,0),(268,6,252),(269,1,0),(269,2,252),(269,3,0),(269,4,0),(269,5,252),(269,6,0),(270,1,0),(270,2,252),(270,3,0),(270,4,0),(270,5,252),(270,6,0),(271,1,0),(271,2,252),(271,3,0),(271,4,252),(271,5,0),(271,6,0),(272,1,0),(272,2,0),(272,3,0),(272,4,0),(272,5,0),(272,6,0),(273,1,0),(273,2,252),(273,3,0),(273,4,0),(273,5,0),(273,6,252),(274,1,0),(274,2,252),(274,3,0),(274,4,0),(274,5,0),(274,6,252),(275,1,252),(275,2,252),(275,3,0),(275,4,0),(275,5,0),(275,6,0),(276,1,0),(276,2,0),(276,3,0),(276,4,0),(276,5,0),(276,6,0),(277,1,0),(277,2,0),(277,3,0),(277,4,0),(277,5,0),(277,6,0),(278,1,0),(278,2,0),(278,3,0),(278,4,0),(278,5,0),(278,6,0),(279,1,0),(279,2,0),(279,3,0),(279,4,252),(279,5,252),(279,6,0),(280,1,0),(280,2,0),(280,3,0),(280,4,252),(280,5,0),(280,6,252),(281,1,252),(281,2,252),(281,3,0),(281,4,0),(281,5,0),(281,6,0),(282,1,252),(282,2,252),(282,3,0),(282,4,0),(282,5,0),(282,6,0),(283,1,252),(283,2,0),(283,3,0),(283,4,0),(283,5,252),(283,6,0),(284,1,0),(284,2,0),(284,3,252),(284,4,0),(284,5,252),(284,6,0),(285,1,0),(285,2,0),(285,3,0),(285,4,0),(285,5,0),(285,6,0),(286,1,252),(286,2,252),(286,3,0),(286,4,0),(286,5,0),(286,6,0),(287,1,0),(287,2,252),(287,3,0),(287,4,0),(287,5,0),(287,6,252),(288,1,0),(288,2,0),(288,3,0),(288,4,0),(288,5,0),(288,6,0),(289,1,252),(289,2,0),(289,3,0),(289,4,0),(289,5,252),(289,6,0),(290,1,0),(290,2,0),(290,3,0),(290,4,252),(290,5,252),(290,6,0),(291,1,252),(291,2,0),(291,3,0),(291,4,252),(291,5,0),(291,6,0),(292,1,252),(292,2,252),(292,3,0),(292,4,0),(292,5,0),(292,6,0),(293,1,0),(293,2,252),(293,3,0),(293,4,0),(293,5,0),(293,6,252),(294,1,0),(294,2,252),(294,3,0),(294,4,0),(294,5,0),(294,6,252),(295,1,0),(295,2,0),(295,3,0),(295,4,0),(295,5,0),(295,6,0),(296,1,252),(296,2,252),(296,3,0),(296,4,0),(296,5,0),(296,6,0),(297,1,0),(297,2,0),(297,3,0),(297,4,0),(297,5,0),(297,6,0),(298,1,0),(298,2,0),(298,3,0),(298,4,252),(298,5,0),(298,6,252),(299,1,0),(299,2,0),(299,3,0),(299,4,252),(299,5,0),(299,6,252),(300,1,252),(300,2,252),(300,3,0),(300,4,0),(300,5,0),(300,6,0),(301,1,252),(301,2,252),(301,3,0),(301,4,0),(301,5,0),(301,6,0),(302,1,0),(302,2,0),(302,3,0),(302,4,252),(302,5,0),(302,6,252),(303,1,0),(303,2,0),(303,3,252),(303,4,0),(303,5,252),(303,6,0),(304,1,0),(304,2,0),(304,3,252),(304,4,0),(304,5,252),(304,6,0),(305,1,252),(305,2,252),(305,3,0),(305,4,0),(305,5,0),(305,6,0),(306,1,0),(306,2,0),(306,3,0),(306,4,252),(306,5,0),(306,6,252),(307,1,0),(307,2,252),(307,3,0),(307,4,0),(307,5,0),(307,6,252),(308,1,0),(308,2,252),(308,3,0),(308,4,0),(308,5,0),(308,6,252),(309,1,0),(309,2,252),(309,3,0),(309,4,0),(309,5,0),(309,6,252),(310,1,0),(310,2,0),(310,3,0),(310,4,252),(310,5,0),(310,6,252),(311,1,0),(311,2,252),(311,3,0),(311,4,0),(311,5,0),(311,6,252),(312,1,0),(312,2,252),(312,3,252),(312,4,0),(312,5,0),(312,6,0),(313,1,252),(313,2,252),(313,3,0),(313,4,0),(313,5,0),(313,6,0),(314,1,0),(314,2,252),(314,3,252),(314,4,0),(314,5,0),(314,6,0),(315,1,0),(315,2,0),(315,3,0),(315,4,0),(315,5,0),(315,6,0),(316,1,0),(316,2,252),(316,3,252),(316,4,0),(316,5,0),(316,6,0),(317,1,0),(317,2,252),(317,3,0),(317,4,0),(317,5,0),(317,6,252),(318,1,0),(318,2,0),(318,3,0),(318,4,252),(318,5,0),(318,6,252),(319,1,0),(319,2,252),(319,3,0),(319,4,0),(319,5,0),(319,6,252),(320,1,0),(320,2,252),(320,3,0),(320,4,0),(320,5,0),(320,6,252),(321,1,252),(321,2,0),(321,3,0),(321,4,252),(321,5,0),(321,6,0),(322,1,252),(322,2,252),(322,3,0),(322,4,0),(322,5,0),(322,6,0),(323,1,0),(323,2,0),(323,3,0),(323,4,0),(323,5,0),(323,6,0),(324,1,0),(324,2,252),(324,3,0),(324,4,0),(324,5,0),(324,6,252),(325,1,0),(325,2,0),(325,3,252),(325,4,252),(325,5,0),(325,6,0),(326,1,0),(326,2,0),(326,3,252),(326,4,252),(326,5,0),(326,6,0),(327,1,0),(327,2,252),(327,3,252),(327,4,0),(327,5,0),(327,6,0),(328,1,252),(328,2,252),(328,3,0),(328,4,0),(328,5,0),(328,6,0),(329,1,252),(329,2,0),(329,3,0),(329,4,252),(329,5,0),(329,6,0),(330,1,0),(330,2,0),(330,3,0),(330,4,0),(330,5,0),(330,6,0),(331,1,252),(331,2,252),(331,3,0),(331,4,0),(331,5,0),(331,6,0),(332,1,0),(332,2,252),(332,3,252),(332,4,0),(332,5,0),(332,6,0),(333,1,170),(333,2,0),(333,3,170),(333,4,170),(333,5,0),(333,6,0),(334,1,0),(334,2,0),(334,3,0),(334,4,0),(334,5,0),(334,6,0),(335,1,0),(335,2,252),(335,3,0),(335,4,0),(335,5,0),(335,6,252),(336,1,0),(336,2,0),(336,3,0),(336,4,252),(336,5,0),(336,6,252),(337,1,0),(337,2,0),(337,3,0),(337,4,0),(337,5,0),(337,6,0),(338,1,0),(338,2,0),(338,3,0),(338,4,252),(338,5,0),(338,6,252),(339,1,0),(339,2,252),(339,3,0),(339,4,0),(339,5,0),(339,6,252),(340,1,0),(340,2,252),(340,3,0),(340,4,0),(340,5,252),(340,6,0),(341,1,252),(341,2,0),(341,3,0),(341,4,252),(341,5,0),(341,6,0),(342,1,0),(342,2,0),(342,3,0),(342,4,252),(342,5,0),(342,6,252),(343,1,0),(343,2,0),(343,3,0),(343,4,252),(343,5,0),(343,6,252),(344,1,0),(344,2,252),(344,3,0),(344,4,0),(344,5,0),(344,6,252),(345,1,0),(345,2,252),(345,3,0),(345,4,0),(345,5,0),(345,6,252),(346,1,0),(346,2,0),(346,3,0),(346,4,252),(346,5,252),(346,6,0),(347,1,0),(347,2,0),(347,3,0),(347,4,252),(347,5,252),(347,6,0),(348,1,0),(348,2,252),(348,3,252),(348,4,0),(348,5,0),(348,6,0),(349,1,0),(349,2,252),(349,3,0),(349,4,0),(349,5,0),(349,6,252),(350,1,252),(350,2,0),(350,3,0),(350,4,0),(350,5,0),(350,6,252),(351,1,252),(351,2,252),(351,3,0),(351,4,0),(351,5,0),(351,6,0),(352,1,252),(352,2,252),(352,3,0),(352,4,0),(352,5,0),(352,6,0),(353,1,252),(353,2,0),(353,3,0),(353,4,252),(353,5,0),(353,6,0),(354,1,0),(354,2,0),(354,3,0),(354,4,252),(354,5,0),(354,6,252),(355,1,0),(355,2,0),(355,3,0),(355,4,252),(355,5,0),(355,6,252),(356,1,0),(356,2,252),(356,3,0),(356,4,0),(356,5,252),(356,6,0),(357,1,0),(357,2,252),(357,3,0),(357,4,0),(357,5,0),(357,6,252),(358,1,0),(358,2,252),(358,3,0),(358,4,0),(358,5,252),(358,6,0),(359,1,0),(359,2,252),(359,3,0),(359,4,0),(359,5,252),(359,6,0),(360,1,0),(360,2,0),(360,3,0),(360,4,0),(360,5,0),(360,6,0),(361,1,0),(361,2,252),(361,3,0),(361,4,0),(361,5,252),(361,6,0),(362,1,0),(362,2,252),(362,3,252),(362,4,0),(362,5,0),(362,6,0),(363,1,0),(363,2,0),(363,3,0),(363,4,252),(363,5,252),(363,6,0),(364,1,0),(364,2,252),(364,3,252),(364,4,0),(364,5,0),(364,6,0),(365,1,0),(365,2,252),(365,3,0),(365,4,0),(365,5,252),(365,6,0),(366,1,0),(366,2,252),(366,3,0),(366,4,0),(366,5,0),(366,6,252),(367,1,0),(367,2,0),(367,3,0),(367,4,252),(367,5,0),(367,6,252),(368,1,0),(368,2,0),(368,3,0),(368,4,252),(368,5,252),(368,6,0),(369,1,252),(369,2,252),(369,3,0),(369,4,0),(369,5,0),(369,6,0),(512,1,0),(512,2,0),(512,3,0),(512,4,252),(512,5,252),(512,6,0),(513,1,0),(513,2,0),(513,3,0),(513,4,252),(513,5,0),(513,6,252),(514,1,252),(514,2,0),(514,3,0),(514,4,252),(514,5,0),(514,6,0),(515,1,0),(515,2,0),(515,3,252),(515,4,0),(515,5,252),(515,6,0),(516,1,0),(516,2,0),(516,3,0),(516,4,0),(516,5,0),(516,6,0),(517,1,252),(517,2,252),(517,3,0),(517,4,0),(517,5,0),(517,6,0),(518,1,0),(518,2,252),(518,3,0),(518,4,0),(518,5,252),(518,6,0),(519,1,0),(519,2,252),(519,3,252),(519,4,0),(519,5,0),(519,6,0),(520,1,0),(520,2,0),(520,3,0),(520,4,0),(520,5,0),(520,6,0),(523,1,0),(523,2,0),(523,3,0),(523,4,252),(523,5,0),(523,6,252),(524,1,252),(524,2,252),(524,3,0),(524,4,0),(524,5,0),(524,6,0),(525,1,252),(525,2,252),(525,3,0),(525,4,0),(525,5,0),(525,6,0),(526,1,0),(526,2,252),(526,3,0),(526,4,0),(526,5,0),(526,6,252),(527,1,252),(527,2,0),(527,3,0),(527,4,252),(527,5,0),(527,6,0),(528,1,0),(528,2,0),(528,3,0),(528,4,252),(528,5,0),(528,6,252),(529,1,0),(529,2,0),(529,3,0),(529,4,0),(529,5,0),(529,6,0),(530,1,0),(530,2,0),(530,3,0),(530,4,0),(530,5,0),(530,6,0),(531,1,0),(531,2,0),(531,3,0),(531,4,0),(531,5,0),(531,6,0),(532,1,0),(532,2,252),(532,3,0),(532,4,0),(532,5,0),(532,6,252),(533,1,0),(533,2,252),(533,3,0),(533,4,0),(533,5,0),(533,6,252),(534,1,0),(534,2,0),(534,3,0),(534,4,252),(534,5,0),(534,6,252),(535,1,0),(535,2,0),(535,3,252),(535,4,252),(535,5,0),(535,6,0),(536,1,0),(536,2,252),(536,3,0),(536,4,0),(536,5,0),(536,6,252),(537,1,0),(537,2,252),(537,3,0),(537,4,0),(537,5,0),(537,6,252),(538,1,0),(538,2,0),(538,3,0),(538,4,0),(538,5,0),(538,6,0),(539,1,252),(539,2,0),(539,3,0),(539,4,0),(539,5,0),(539,6,252),(540,1,0),(540,2,0),(540,3,0),(540,4,0),(540,5,0),(540,6,0),(541,1,252),(541,2,252),(541,3,0),(541,4,0),(541,5,0),(541,6,0),(542,1,0),(542,2,0),(542,3,0),(542,4,0),(542,5,0),(542,6,0),(543,1,252),(543,2,0),(543,3,0),(543,4,252),(543,5,0),(543,6,0),(544,1,0),(544,2,252),(544,3,0),(544,4,0),(544,5,0),(544,6,252),(545,1,0),(545,2,252),(545,3,0),(545,4,252),(545,5,0),(545,6,0),(546,1,0),(546,2,0),(546,3,252),(546,4,0),(546,5,252),(546,6,0),(547,1,0),(547,2,0),(547,3,0),(547,4,0),(547,5,0),(547,6,0),(548,1,0),(548,2,0),(548,3,0),(548,4,0),(548,5,0),(548,6,0),(549,1,0),(549,2,0),(549,3,0),(549,4,0),(549,5,0),(549,6,0),(550,1,0),(550,2,0),(550,3,0),(550,4,0),(550,5,0),(550,6,0),(551,1,0),(551,2,0),(551,3,0),(551,4,0),(551,5,0),(551,6,0),(552,1,252),(552,2,252),(552,3,0),(552,4,0),(552,5,0),(552,6,0),(553,1,252),(553,2,0),(553,3,252),(553,4,0),(553,5,0),(553,6,0),(554,1,0),(554,2,0),(554,3,0),(554,4,252),(554,5,252),(554,6,0),(555,1,0),(555,2,0),(555,3,0),(555,4,252),(555,5,0),(555,6,252),(556,1,252),(556,2,0),(556,3,252),(556,4,0),(556,5,0),(556,6,0),(557,1,0),(557,2,252),(557,3,252),(557,4,0),(557,5,0),(557,6,0),(559,1,0),(559,2,0),(559,3,0),(559,4,0),(559,5,0),(559,6,0),(560,1,0),(560,2,252),(560,3,0),(560,4,252),(560,5,0),(560,6,0),(561,1,0),(561,2,0),(561,3,0),(561,4,0),(561,5,0),(561,6,0),(562,1,0),(562,2,0),(562,3,0),(562,4,0),(562,5,0),(562,6,0),(563,1,0),(563,2,0),(563,3,0),(563,4,0),(563,5,0),(563,6,0),(564,1,0),(564,2,0),(564,3,0),(564,4,0),(564,5,0),(564,6,0),(565,1,0),(565,2,0),(565,3,0),(565,4,0),(565,5,0),(565,6,0),(566,1,0),(566,2,0),(566,3,0),(566,4,0),(566,5,0),(566,6,0),(567,1,0),(567,2,0),(567,3,0),(567,4,0),(567,5,0),(567,6,0),(568,1,0),(568,2,252),(568,3,0),(568,4,252),(568,5,0),(568,6,0),(569,1,0),(569,2,0),(569,3,0),(569,4,0),(569,5,0),(569,6,0),(570,1,0),(570,2,0),(570,3,0),(570,4,0),(570,5,0),(570,6,0),(571,1,0),(571,2,0),(571,3,0),(571,4,0),(571,5,0),(571,6,0),(572,1,0),(572,2,0),(572,3,0),(572,4,0),(572,5,0),(572,6,0),(573,1,0),(573,2,0),(573,3,0),(573,4,252),(573,5,252),(573,6,0),(574,1,0),(574,2,252),(574,3,252),(574,4,0),(574,5,0),(574,6,0),(575,1,0),(575,2,252),(575,3,0),(575,4,0),(575,5,252),(575,6,0),(576,1,0),(576,2,0),(576,3,0),(576,4,252),(576,5,252),(576,6,0),(577,1,0),(577,2,252),(577,3,0),(577,4,0),(577,5,0),(577,6,252),(578,1,0),(578,2,252),(578,3,252),(578,4,0),(578,5,0),(578,6,0),(579,1,0),(579,2,0),(579,3,0),(579,4,0),(579,5,0),(579,6,0),(580,1,0),(580,2,252),(580,3,0),(580,4,0),(580,5,0),(580,6,252),(581,1,252),(581,2,252),(581,3,0),(581,4,0),(581,5,0),(581,6,0),(582,1,0),(582,2,0),(582,3,0),(582,4,0),(582,5,0),(582,6,0),(583,1,0),(583,2,252),(583,3,0),(583,4,0),(583,5,0),(583,6,252),(584,1,252),(584,2,252),(584,3,0),(584,4,0),(584,5,0),(584,6,0),(585,1,0),(585,2,0),(585,3,0),(585,4,0),(585,5,0),(585,6,0),(586,1,0),(586,2,0),(586,3,0),(586,4,0),(586,5,0),(586,6,0),(587,1,252),(587,2,252),(587,3,0),(587,4,0),(587,5,0),(587,6,0),(588,1,0),(588,2,0),(588,3,0),(588,4,0),(588,5,0),(588,6,0),(589,1,0),(589,2,0),(589,3,0),(589,4,0),(589,5,0),(589,6,0),(590,1,0),(590,2,0),(590,3,0),(590,4,0),(590,5,0),(590,6,0),(591,1,0),(591,2,252),(591,3,0),(591,4,0),(591,5,0),(591,6,252),(592,1,0),(592,2,252),(592,3,252),(592,4,0),(592,5,0),(592,6,0),(593,1,252),(593,2,0),(593,3,252),(593,4,0),(593,5,0),(593,6,0),(594,1,0),(594,2,0),(594,3,0),(594,4,0),(594,5,0),(594,6,0),(595,1,0),(595,2,0),(595,3,0),(595,4,252),(595,5,252),(595,6,0),(596,1,0),(596,2,0),(596,3,0),(596,4,0),(596,5,0),(596,6,0),(597,1,0),(597,2,0),(597,3,0),(597,4,252),(597,5,0),(597,6,252),(598,1,252),(598,2,252),(598,3,0),(598,4,0),(598,5,0),(598,6,0),(599,1,252),(599,2,252),(599,3,0),(599,4,0),(599,5,0),(599,6,0),(600,1,0),(600,2,0),(600,3,0),(600,4,0),(600,5,0),(600,6,0),(601,1,0),(601,2,0),(601,3,0),(601,4,0),(601,5,0),(601,6,0),(602,1,0),(602,2,0),(602,3,0),(602,4,0),(602,5,0),(602,6,0),(603,1,0),(603,2,0),(603,3,0),(603,4,0),(603,5,0),(603,6,0),(604,1,0),(604,2,0),(604,3,0),(604,4,0),(604,5,0),(604,6,0),(605,1,0),(605,2,0),(605,3,0),(605,4,0),(605,5,0),(605,6,0),(606,1,0),(606,2,252),(606,3,0),(606,4,0),(606,5,0),(606,6,252),(607,1,0),(607,2,0),(607,3,0),(607,4,0),(607,5,0),(607,6,0),(608,1,0),(608,2,0),(608,3,0),(608,4,0),(608,5,0),(608,6,0),(609,1,0),(609,2,0),(609,3,0),(609,4,0),(609,5,0),(609,6,0),(610,1,0),(610,2,0),(610,3,0),(610,4,0),(610,5,0),(610,6,0),(611,1,0),(611,2,0),(611,3,0),(611,4,0),(611,5,0),(611,6,0),(612,1,0),(612,2,0),(612,3,0),(612,4,0),(612,5,0),(612,6,0),(613,1,0),(613,2,0),(613,3,0),(613,4,0),(613,5,0),(613,6,0),(614,1,0),(614,2,252),(614,3,0),(614,4,0),(614,5,0),(614,6,252),(615,1,0),(615,2,0),(615,3,0),(615,4,0),(615,5,0),(615,6,0),(616,1,0),(616,2,0),(616,3,0),(616,4,0),(616,5,0),(616,6,0),(617,1,0),(617,2,0),(617,3,0),(617,4,0),(617,5,0),(617,6,0),(618,1,0),(618,2,252),(618,3,252),(618,4,0),(618,5,0),(618,6,0),(619,1,0),(619,2,0),(619,3,0),(619,4,252),(619,5,0),(619,6,252),(620,1,0),(620,2,0),(620,3,0),(620,4,0),(620,5,0),(620,6,0),(621,1,252),(621,2,252),(621,3,0),(621,4,0),(621,5,0),(621,6,0),(622,1,0),(622,2,0),(622,3,0),(622,4,0),(622,5,0),(622,6,0),(623,1,0),(623,2,252),(623,3,0),(623,4,0),(623,5,0),(623,6,252),(624,1,0),(624,2,0),(624,3,0),(624,4,252),(624,5,0),(624,6,252),(625,1,0),(625,2,0),(625,3,0),(625,4,252),(625,5,252),(625,6,0),(626,1,252),(626,2,252),(626,3,0),(626,4,0),(626,5,0),(626,6,0),(627,1,0),(627,2,0),(627,3,0),(627,4,0),(627,5,0),(627,6,0),(628,1,0),(628,2,0),(628,3,0),(628,4,0),(628,5,0),(628,6,0),(629,1,0),(629,2,0),(629,3,0),(629,4,0),(629,5,0),(629,6,0),(630,1,0),(630,2,0),(630,3,0),(630,4,0),(630,5,0),(630,6,0),(631,1,0),(631,2,252),(631,3,0),(631,4,0),(631,5,0),(631,6,252),(632,1,0),(632,2,0),(632,3,0),(632,4,0),(632,5,0),(632,6,0),(633,1,252),(633,2,252),(633,3,0),(633,4,0),(633,5,0),(633,6,0),(634,1,0),(634,2,0),(634,3,0),(634,4,0),(634,5,0),(634,6,0),(635,1,0),(635,2,0),(635,3,0),(635,4,0),(635,5,0),(635,6,0),(636,1,0),(636,2,0),(636,3,0),(636,4,0),(636,5,0),(636,6,0),(637,1,0),(637,2,0),(637,3,0),(637,4,0),(637,5,0),(637,6,0),(638,1,0),(638,2,0),(638,3,0),(638,4,0),(638,5,0),(638,6,0),(639,1,252),(639,2,0),(639,3,0),(639,4,252),(639,5,0),(639,6,0),(640,1,0),(640,2,252),(640,3,0),(640,4,0),(640,5,0),(640,6,252),(641,1,0),(641,2,0),(641,3,0),(641,4,0),(641,5,252),(641,6,252),(642,1,0),(642,2,252),(642,3,0),(642,4,0),(642,5,0),(642,6,252),(643,1,0),(643,2,0),(643,3,0),(643,4,252),(643,5,252),(643,6,0),(644,1,0),(644,2,0),(644,3,0),(644,4,0),(644,5,0),(644,6,0),(645,1,252),(645,2,252),(645,3,0),(645,4,0),(645,5,0),(645,6,0),(646,1,0),(646,2,0),(646,3,0),(646,4,0),(646,5,0),(646,6,0),(647,1,0),(647,2,0),(647,3,0),(647,4,0),(647,5,0),(647,6,0),(648,1,0),(648,2,0),(648,3,0),(648,4,0),(648,5,0),(648,6,0),(649,1,0),(649,2,0),(649,3,0),(649,4,0),(649,5,0),(649,6,0),(650,1,0),(650,2,0),(650,3,0),(650,4,0),(650,5,0),(650,6,0),(651,1,0),(651,2,0),(651,3,0),(651,4,0),(651,5,0),(651,6,0),(652,1,0),(652,2,0),(652,3,0),(652,4,0),(652,5,0),(652,6,0),(653,1,0),(653,2,0),(653,3,0),(653,4,252),(653,5,252),(653,6,0),(654,1,0),(654,2,0),(654,3,0),(654,4,0),(654,5,0),(654,6,0),(655,1,0),(655,2,0),(655,3,0),(655,4,0),(655,5,0),(655,6,0),(656,1,0),(656,2,0),(656,3,0),(656,4,0),(656,5,0),(656,6,0),(657,1,0),(657,2,0),(657,3,0),(657,4,0),(657,5,0),(657,6,0),(658,1,0),(658,2,0),(658,3,0),(658,4,0),(658,5,0),(658,6,0),(659,1,0),(659,2,0),(659,3,0),(659,4,0),(659,5,0),(659,6,0),(660,1,0),(660,2,0),(660,3,252),(660,4,252),(660,5,0),(660,6,0),(661,1,0),(661,2,252),(661,3,0),(661,4,0),(661,5,0),(661,6,252),(662,1,0),(662,2,252),(662,3,0),(662,4,0),(662,5,0),(662,6,252),(663,1,0),(663,2,252),(663,3,0),(663,4,0),(663,5,0),(663,6,252),(664,1,252),(664,2,252),(664,3,0),(664,4,0),(664,5,0),(664,6,0),(665,1,0),(665,2,0),(665,3,0),(665,4,0),(665,5,0),(665,6,0),(666,1,0),(666,2,0),(666,3,0),(666,4,0),(666,5,0),(666,6,0),(667,1,0),(667,2,0),(667,3,0),(667,4,0),(667,5,0),(667,6,0),(668,1,0),(668,2,0),(668,3,0),(668,4,0),(668,5,0),(668,6,0),(669,1,0),(669,2,0),(669,3,0),(669,4,0),(669,5,0),(669,6,0),(670,1,0),(670,2,0),(670,3,0),(670,4,0),(670,5,0),(670,6,0),(671,1,0),(671,2,0),(671,3,0),(671,4,0),(671,5,0),(671,6,0),(672,1,0),(672,2,0),(672,3,0),(672,4,0),(672,5,0),(672,6,0),(673,1,0),(673,2,0),(673,3,0),(673,4,0),(673,5,0),(673,6,0),(674,1,0),(674,2,0),(674,3,0),(674,4,0),(674,5,0),(674,6,0),(675,1,0),(675,2,0),(675,3,0),(675,4,0),(675,5,0),(675,6,0),(676,1,0),(676,2,0),(676,3,0),(676,4,0),(676,5,0),(676,6,0),(677,1,0),(677,2,0),(677,3,0),(677,4,0),(677,5,0),(677,6,0),(678,1,0),(678,2,0),(678,3,0),(678,4,0),(678,5,0),(678,6,0),(679,1,0),(679,2,0),(679,3,0),(679,4,0),(679,5,0),(679,6,0),(680,1,252),(680,2,252),(680,3,0),(680,4,0),(680,5,0),(680,6,0),(681,1,0),(681,2,0),(681,3,0),(681,4,0),(681,5,0),(681,6,0),(682,1,0),(682,2,0),(682,3,0),(682,4,0),(682,5,0),(682,6,0),(683,1,0),(683,2,0),(683,3,0),(683,4,0),(683,5,0),(683,6,0),(684,1,0),(684,2,0),(684,3,0),(684,4,0),(684,5,0),(684,6,0),(685,1,0),(685,2,0),(685,3,0),(685,4,0),(685,5,0),(685,6,0),(686,1,0),(686,2,0),(686,3,0),(686,4,0),(686,5,0),(686,6,0),(687,1,0),(687,2,0),(687,3,0),(687,4,0),(687,5,0),(687,6,0),(688,1,0),(688,2,0),(688,3,0),(688,4,0),(688,5,0),(688,6,0),(689,1,0),(689,2,0),(689,3,0),(689,4,0),(689,5,0),(689,6,0),(690,1,0),(690,2,0),(690,3,0),(690,4,252),(690,5,0),(690,6,252),(691,1,0),(691,2,0),(691,3,0),(691,4,252),(691,5,252),(691,6,0),(692,1,0),(692,2,0),(692,3,0),(692,4,0),(692,5,0),(692,6,0),(693,1,0),(693,2,0),(693,3,0),(693,4,0),(693,5,0),(693,6,0),(694,1,0),(694,2,0),(694,3,0),(694,4,0),(694,5,0),(694,6,0),(695,1,170),(695,2,0),(695,3,170),(695,4,0),(695,5,170),(695,6,0),(696,1,0),(696,2,0),(696,3,0),(696,4,0),(696,5,0),(696,6,0),(697,1,0),(697,2,0),(697,3,0),(697,4,0),(697,5,0),(697,6,0),(698,1,0),(698,2,252),(698,3,252),(698,4,0),(698,5,0),(698,6,0),(699,1,252),(699,2,0),(699,3,0),(699,4,252),(699,5,0),(699,6,0),(700,1,0),(700,2,0),(700,3,0),(700,4,0),(700,5,0),(700,6,0),(701,1,0),(701,2,0),(701,3,0),(701,4,0),(701,5,0),(701,6,0),(702,1,0),(702,2,0),(702,3,0),(702,4,0),(702,5,0),(702,6,0),(703,1,0),(703,2,0),(703,3,0),(703,4,0),(703,5,0),(703,6,0),(704,1,0),(704,2,0),(704,3,0),(704,4,0),(704,5,0),(704,6,0),(705,1,0),(705,2,0),(705,3,0),(705,4,0),(705,5,0),(705,6,0),(706,1,0),(706,2,0),(706,3,0),(706,4,0),(706,5,0),(706,6,0),(707,1,252),(707,2,0),(707,3,0),(707,4,252),(707,5,0),(707,6,0),(708,1,0),(708,2,0),(708,3,0),(708,4,0),(708,5,0),(708,6,0),(709,1,0),(709,2,0),(709,3,252),(709,4,252),(709,5,0),(709,6,0),(710,1,0),(710,2,0),(710,3,0),(710,4,0),(710,5,0),(710,6,0),(711,1,0),(711,2,0),(711,3,0),(711,4,0),(711,5,0),(711,6,0),(712,1,0),(712,2,0),(712,3,252),(712,4,252),(712,5,0),(712,6,0),(713,1,0),(713,2,0),(713,3,0),(713,4,0),(713,5,0),(713,6,0),(714,1,0),(714,2,252),(714,3,0),(714,4,0),(714,5,0),(714,6,252),(715,1,0),(715,2,252),(715,3,252),(715,4,0),(715,5,0),(715,6,0),(716,1,0),(716,2,0),(716,3,252),(716,4,252),(716,5,0),(716,6,0),(717,1,0),(717,2,0),(717,3,0),(717,4,0),(717,5,0),(717,6,0),(718,1,0),(718,2,0),(718,3,0),(718,4,252),(718,5,0),(718,6,252),(719,1,0),(719,2,252),(719,3,0),(719,4,0),(719,5,0),(719,6,252),(720,1,0),(720,2,0),(720,3,0),(720,4,0),(720,5,0),(720,6,0),(721,1,0),(721,2,0),(721,3,0),(721,4,0),(721,5,0),(721,6,0),(722,1,0),(722,2,0),(722,3,0),(722,4,252),(722,5,252),(722,6,0),(723,1,0),(723,2,0),(723,3,0),(723,4,252),(723,5,252),(723,6,0),(724,1,0),(724,2,0),(724,3,0),(724,4,0),(724,5,0),(724,6,0),(725,1,0),(725,2,0),(725,3,0),(725,4,0),(725,5,0),(725,6,0),(726,1,0),(726,2,0),(726,3,0),(726,4,0),(726,5,0),(726,6,0),(727,1,0),(727,2,0),(727,3,0),(727,4,0),(727,5,0),(727,6,0),(728,1,0),(728,2,0),(728,3,0),(728,4,0),(728,5,0),(728,6,0),(729,1,0),(729,2,0),(729,3,0),(729,4,0),(729,5,0),(729,6,0),(730,1,0),(730,2,0),(730,3,0),(730,4,0),(730,5,252),(730,6,252),(731,1,0),(731,2,170),(731,3,0),(731,4,170),(731,5,0),(731,6,170),(732,1,252),(732,2,252),(732,3,0),(732,4,0),(732,5,0),(732,6,0),(733,1,0),(733,2,0),(733,3,0),(733,4,252),(733,5,252),(733,6,0),(734,1,0),(734,2,252),(734,3,252),(734,4,0),(734,5,0),(734,6,0);
/*!40000 ALTER TABLE `pokemon_factory_hgss_stats` ENABLE KEYS */;
UNLOCK TABLES;
/*!40103 SET TIME_ZONE=@OLD_TIME_ZONE */;

/*!40101 SET SQL_MODE=@OLD_SQL_MODE */;
/*!40014 SET FOREIGN_KEY_CHECKS=@OLD_FOREIGN_KEY_CHECKS */;
/*!40014 SET UNIQUE_CHECKS=@OLD_UNIQUE_CHECKS */;
/*!40101 SET CHARACTER_SET_CLIENT=@OLD_CHARACTER_SET_CLIENT */;
/*!40101 SET CHARACTER_SET_RESULTS=@OLD_CHARACTER_SET_RESULTS */;
/*!40101 SET COLLATION_CONNECTION=@OLD_COLLATION_CONNECTION */;
/*!40111 SET SQL_NOTES=@OLD_SQL_NOTES */;

-- Dump completed on 2018-04-29 17:06:18
